序號,行政區,地點,地址,X,Y
1,63000010,健康國小周邊人行道,延壽街168號,121.5629231,25.05662219
2,63000010,介壽國中周邊人行道,延壽街401號,121.5565292,25.05640588
3,63000010,民生國小周邊人行道,敦化北路199巷18號,121.5520444,25.05650896
4,63000010,松山運動中心戶外區域,敦化北路1號,121.5501436,25.04893012
5,63000010,臺北市政府體育局所屬行政大樓之前方戶外區域,南京東路4段6號,121.5512095,25.05140972
6,63000010,臺北體育館之前方戶外區域,南京東路4段6號,121.5512095,25.05140972
7,63000010,臺北網球場之前方戶外區域,南京東路4段6號,121.5512095,25.05140972
8,63000010,民生副中心大樓周邊人行道,敦化北路199巷5號,121.5515302,25.05699313
9,63000010,西松高中周邊人行道,健康路325巷7號,121.5670986,25.05557117
10,63000010,西松國小周邊人行道,三民路5號,121.5636145,25.05219827
11,63000010,臺北市63000010民生社區中心外廣場,民生東路5段163-1號,121.5629076,25.05928782
12,63000010,中崙高中周邊人行道,八德路4段101號,121.5610691,25.04870475
13,63000010,中山國中周邊人行道,復興北路361巷7號,121.5455327,25.06053968
14,63000010,民生國中周邊人行道,新東街30巷1號,121.567329,25.05982757
15,63000010,敦化國中周邊人行道,南京東路3段300號,121.5467927,25.05152381
16,63000010,松山國小周邊人行道,八德路4段746號,121.5792686,25.05120522
17,63000010,敦化國小周邊人行道,敦化北路2號,121.5485407,25.04910323
18,63000010,民權國小周邊人行道,民權東路4段200號,121.5622975,25.06250813
19,63000010,民族國小周邊人行道,民生東路4段97巷7號,121.5519097,25.05887544
20,63000010,三民國小周邊人行道,民權東路5段1號,121.564279,25.06327454
21,63000010,育達商職周邊人行道,寧安街12號,121.554349,25.04963951
22,63000010,7-11清愿,八德路2段439號,121.5469559,25.0483096
23,63000010,7-11台場,八德路3段20-2號,121.5512194,25.04807217
24,63000010,7-11中崙,八德路3段27號,121.5527568,25.04831273
25,63000010,7-11德育,八德路3段171號,121.5555397,25.04815929
26,63000010,7-11新復勢,八德路3段200號,121.5564238,25.047939
27,63000010,7-11威京,八德路4段151號,121.5625518,25.04879518
28,63000010,7-11松鑽,八德路4段686號,121.5766668,25.04987586
29,63000010,7-11新饒河,八德路4段697號,121.5765785,25.05020475
30,63000010,7-11松德,八德路4段755號1樓,121.5775483,25.05064472
31,63000010,7-11京運,南京東路3段262號,121.5449984,25.05162769
32,63000010,7-11敦巨,南京東路4段25號,121.550605,25.05190161
33,63000010,7-11首都,南京東路4段51號之2,121.5551029,25.05161032
34,63000010,7-11京育,南京東路4段66號1樓,121.5540173,25.05143458
35,63000010,7-11京城,南京東路4段75之2號1樓,121.5535855,25.05183878
36,63000010,7-11京東,南京東路5段16號1樓,121.5587448,25.05133511
37,63000010,7-11京興,南京東路5段206號1樓,121.5649157,25.05118972
38,63000010,7-11京發,南京東路5段139之4號,121.5615909,25.05169113
39,63000010,7-11京佳,南京東路5段229號,121.5646051,25.05159582
40,63000010,7-11京寶,南京東路5段291巷4-1號1樓,121.5660756,25.05183306
41,63000010,7-11通盈,南京東路5段315號,121.566755,25.0515519
42,63000010,7-11新寶清,南京東路5段334號1樓,121.5689306,25.0510822
43,63000010,7-11復星,復興北路15-6號1樓,121.5442622,25.04852986
44,63000010,7-11樂得,復興北路35號,121.5442191,25.05008325
45,63000010,7-11復春,復興北路179號,121.544307,25.05433577
46,63000010,7-11風復,復興南路1段43號,121.5440882,25.04564802
47,63000010,7-11敦北,敦化北路149號,121.5493517,25.05404195
48,63000010,7-11復旦,敦化南路1段5號,121.5492833,25.04707031
49,63000010,7-11松禾,塔悠路31號,121.5716161,25.05069217
50,63000010,7-11松祐,饒河街90號,121.574071,25.05035952
51,63000010,全家鑫德店,八德路2段400號,121.5465704,25.04804319
52,63000010,全家台發店,八德路3段30號1樓,121.5515614,25.04808189
53,63000010,全家復盛店,八德路4段40號號,121.5592396,25.04822345
54,63000010,全家寶清店,八德路4段598號1樓,121.572437,25.04979818
55,63000010,全家松慈店,八德路4段676號,121.5763783,25.04987057
56,63000010,全家民復店,民生東路4段80巷3號1樓,121.5531077,25.05733993
57,63000010,全家昇東店,民生東路5段197號,121.5660916,25.05921952
58,63000010,全家東豐店,民生東路5段37號,121.5569139,25.05853094
59,63000010,全家復北店,民權東路3段104號1樓,121.5448394,25.06188323
60,63000010,全家新民有店,民權東路3段160巷11號,121.5477811,25.06071261
61,63000010,全家大理店,光復北路11巷50號1樓,121.5599636,25.04980796
62,63000010,全家新大吉店,吉祥路19號,121.5626726,25.04940999
63,63000010,全家長復店,長安東路2段219號,121.5448302,25.04834962
64,63000010,全家力晶店,南京東路3段258號,121.5448292,25.05163001
65,63000010,全家京鑽店,南京東路4段47號1樓,121.5508656,25.05189589
66,63000010,全家京盛店,南京東路4段56-1號1樓,121.5539285,25.0514349
67,63000010,全家新東光店,南京東路5段123巷1號1樓,121.5607102,25.05214941
68,63000010,全家京吉店,南京東路5段180號,121.5635777,25.05121579
69,63000010,全家新東寶店,南京東路5段291巷14號,121.566091,25.05225594
70,63000010,全家康柏店,健康路220號,121.5609696,25.05385496
71,63000010,全家民康店,健康路285號1樓,121.5640847,25.05433642
72,63000010,全家長城店,敦化北路120巷80號,121.5461747,25.0543035
73,63000010,全家宏勝店,敦化北路153號,121.5494392,25.05413499
74,63000010,全家慶城店,慶城街8號,121.5448768,25.05269767
75,63000010,萊爾富北市松育店,八德路3段119號,121.5540601,25.04827887
76,63000010,萊爾富北市松柏店,光復北路102號,121.5577101,25.05061018
77,63000010,萊爾富北市松華店,南京東路5段34號,121.559343,25.05131222
78,63000010,萊爾富北市寶德店,南京東路5段61號,121.5592713,25.05171791
79,63000010,萊爾富北市饒河店,饒河街35號,121.5724365,25.05016312
80,63000010,OK松山富盛店,八德路4段198號1樓,121.5639311,25.04869214
81,63000010,OK松山光復店,光復北路32號1樓,121.557681,25.04930338
82,63000010,美廉社松山復興店,復興北路427巷1號,121.5446223,25.06342678
83,63000010,星巴克北寧,南京東路4段56號,121.5538469,25.05143722
84,63000010,星巴克南京三民,南京東路5段171號1樓,121.5635214,25.05162256
85,63000010,星巴克慶城,慶城街1號1樓,121.5446323,25.05276091
86,63000010,85度C台北京華店,八德路4段202號1樓,121.5640289,25.04870205
87,63000010,路易莎八德台安門市,八德路2段429號1樓,121.5466347,25.04831414
88,63000010,路易莎八德光復門市,八德路3段237號,121.5572965,25.04826653
89,63000010,路易莎光復南京門市,南京東路4段166號,121.5567334,25.05137415
90,63000010,路易莎三民門市,南京東路5段163-13號,121.5625802,25.05165029
91,63000010,怡客復興店,復興北路193號,121.5443293,25.05539468
92,63000010,cama caf'e八德台安店,八德路2段358號,121.545759,25.04789904
93,63000010,cama caf'e松山饒河店,八德路4段668號,121.5761626,25.04986512
94,63000010,cama caf'e南京三民店,南京東路5段141號,121.5616951,25.05166747
95,63000010,彼得好小巨蛋店,南京東路4段116號,121.5547871,25.05142942
96,63000020,信義廣場,信義路5段15號,121.5668975,25.03314664
97,63000020,松山文化創意園區,光復南路133號,121.5579319,25.04391748
98,63000020,市府轉運站大樓周邊人行道,忠孝東路5段6號,121.5651527,25.04086658
99,63000020,市政大樓戲沙區周邊區域,市府路1號,121.5637838,25.037523
100,63000020,興雅國小周邊人行道,基隆路1段83巷9號,121.570074,25.04676695
101,63000020,三興國小周邊人行道,基隆路2段99號,121.558027,25.0297204
102,63000020,信義運動中心戶外區域,松勤街100號,121.5667558,25.03180455
103,63000020,松山高級工農職業學校周邊人行道,忠孝東路5段236巷15號,121.5720411,25.03985249
104,63000020,松山家商,松山路655號,121.580164,25.03482963
105,63000020,永春高中周邊人行道,松山路654號,121.5786622,25.03270961
106,63000020,松山高中周邊人行道,基隆路1段156號,121.5658251,25.04387812
107,63000020,興雅國中周邊人行道,松德路168巷15號,121.5723546,25.03643756
108,63000020,永吉國中周邊人行道,松隆路161號,121.5741406,25.04833574
109,63000020,?公國中周邊人行道,福德街221巷15號,121.5853271,25.0370676
110,63000020,信義國中周邊人行道,松仁路158巷1號,121.567932,25.02860969
111,63000020,永春國小周邊人行道,松山路225巷48號,121.5789479,25.04469633
112,63000020,光復國小周邊人行道,光復南路271號,121.5578199,25.04024283
113,63000020,信義國小周邊人行道,松勤街60號,121.5632245,25.03183255
114,63000020,吳興國小周邊人行道,松仁路226號,121.5685898,25.02601597
115,63000020,福德國小周邊人行道,福德街253號,121.5865297,25.03890077
116,63000020,永吉國小周邊人行道,松山路287巷5號,121.5797533,25.04334654
117,63000020,博愛國小周邊人行道,松仁路95巷20號,121.5711337,25.03644331
118,63000020,香堤廣場,松高路、松智路、松壽路及松高路20巷間之區域,121.567035,25.03744553
119,63000020,協和祐德高中周邊人行道,忠孝東路5段790巷5號,121.5818945,25.04351598
120,63000020,象山親山步道,信義路五段150巷22弄,121.5710063,25.02719405
121,63000020,市政大樓及周邊戶外區域,市府路1號,121.5637838,25.037523
122,63000020,7-11革新,永吉路32號,121.5689539,25.04552718
123,63000020,7-11永吉,永吉路217號,121.5739937,25.04570834
124,63000020,7-11光復,光復南路471號,121.5576686,25.03372187
125,63000020,7-11復昌,光復南路616號,121.5572912,25.03225042
126,63000020,7-11三興,吳興街156巷2弄2號4號,121.5614468,25.02913408
127,63000020,7-11醫學,吳興街257號259號,121.5637764,25.02710106
128,63000020,7-11信醫,吳興街346號348號,121.5663395,25.02583166
129,63000020,7-11鑫麟,和平東路3段391巷22號1樓,121.5583732,25.0203934
130,63000020,7-11麟運,和平東路3段461號1樓,121.5588669,25.0186627
131,63000020,7-11松捷,忠孝東路5段1-6號,121.5651411,25.04129605
132,63000020,7-11松山,忠孝東路5段386號,121.5741207,25.04074451
133,63000020,7-11忠林,忠孝東路5段470號,121.576849,25.04067989
134,63000020,7-11武松,松山路121號1樓,121.577955,25.04738848
135,63000020,7-11開源,松山路136號,121.5776088,25.04727691
136,63000020,7-11新東宮,松山路455號,121.5780061,25.03980667
137,63000020,7-11宏泰,松仁路91-1號1樓,121.5688962,25.03690456
138,63000020,7-11北府,松仁路162號,121.5682082,25.02838564
139,63000020,7-11松仁,松仁路213號,121.5685113,25.0268368
140,63000020,7-11信林,虎林街222巷7號,121.5771678,25.03722144
141,63000020,7-11松高,基隆路1段141號1樓,121.5658435,25.04298287
142,63000020,7-11必成,基隆路1段178號,121.5649649,25.04239374
143,63000020,7-11凱悅,基隆路1段398號,121.5600664,25.03425636
144,63000020,7-11中興,基隆路2段22號,121.5587282,25.03193628
145,63000020,7-11昌隆,基隆路2段131-3號,121.5567809,25.02807767
146,63000020,7-11喬治,基隆路2段155號,121.5543785,25.02577538
147,63000020,7-11福中,福德街159號,121.5833417,25.03769032
148,63000020,全家大道店,大道路79號1樓,121.582614,25.04075806
149,63000020,全家永吉二店,永吉路223號,121.5741334,25.04570833
150,63000020,全家光復南路店,光復南路447之2號,121.557688,25.03518335
151,63000020,全家復昌店,光復南路505號,121.5576207,25.03199674
152,63000020,全家北醫店,吳興街263號,121.5638549,25.0270044
153,63000020,全家三興店,吳興街7號,121.5594896,25.03172516
154,63000020,全家忠信店,忠孝東路5段425號1樓,121.5754348,25.04101614
155,63000020,全家永信店,忠孝東路5段472號,121.5770132,25.04066779
156,63000020,全家松興店,松山路107號,121.5779504,25.04782476
157,63000020,全家松盛店,松山路153號,121.5779644,25.04653435
158,63000020,全家欣松春店,松山路281號1樓,121.577979,25.04308893
159,63000020,全家新安興店,松仁路240巷2號,121.56919,25.02481881
160,63000020,全家新松林店,虎林街61-4號,121.5770769,25.04626477
161,63000020,全家永林店,虎林街82巷23號,121.5762411,25.04336848
162,63000020,全家新貿店,信義路4段407號1樓,121.558933,25.03325462
163,63000020,全家松友店,信義路6段78號,121.5769823,25.03526738
164,63000020,全家財盛店,基隆路2段113之2號,121.5571356,25.02866571
165,63000020,全家崇德店,崇德街29號,121.5538588,25.02438025
166,63000020,全家景聯店,莊敬路190號,121.5611567,25.03077371
167,63000020,全家莊新店,莊敬路307號,121.5633684,25.02843767
168,63000020,全家莊敬店,莊敬路374號,121.5648964,25.02755511
169,63000020,萊爾富北市信吉店,永吉路125號1樓,121.570257,25.04581623
170,63000020,萊爾富信義永吉店,永吉路278巷27弄34號,121.5752499,25.04450838
171,63000020,萊爾富北市松永店,永吉路280號,121.5742671,25.04538095
172,63000020,萊爾富北市信彩店,基隆路1段350之41號1樓,121.561132,25.0365742
173,63000020,OK台北松光店,松山路465巷3號1樓,121.5785209,25.03972503
174,63000020,OK台北忠孝店,忠孝東路5段725號1樓,121.5806829,25.0429124
175,63000020,OK台北三興店,基隆路2段39巷3號1樓,121.5590114,25.03124968
176,63000020,美廉社信義虎林三店,虎林街61-3號,121.5770767,25.04628478
177,63000020,美廉社信義崇德店,崇德街59號,121.5546964,25.02433357
178,63000020,星巴克信義經貿門市,信義路5段106號,121.5667733,25.03258749
179,63000020,星巴克台北三興,基隆路2段99-1號,121.5577595,25.02970784
180,63000020,85度C台北永吉店,永吉路269號,121.5753822,25.04567097
181,63000020,85度C台北莊敬店,莊敬路416號,121.5662461,25.02714401
182,63000020,路易莎永春概念門市,永吉路326巷50號,121.5753531,25.0438657
183,63000020,路易莎永春門市,忠孝東路5段458號1樓,121.5764779,25.04068706
184,63000020,路易莎信義永春門市,松山路562號,121.5781837,25.03736181
185,63000020,路易莎福德大道門市,福德街183號,121.5839867,25.03801822
186,63000020,cama caf'e台北永春店,忠孝東路5段435-1號,121.5758306,25.04100849
187,63000020,cama caf'e莊敬松仁店,松仁路207-1號,121.5685088,25.02704116
188,63000020,cama caf'e台北北醫店,莊敬路246號,121.5622963,25.02931244
189,63000020,彼得好信義大安店,信義路3段170號,121.5420014,25.0331509
190,63000020,彼得好市府松菸店,基隆路1段188號,121.5647585,25.04204586
191,63000020,彼得好世貿店,基隆路2段51號,121.5585314,25.0309832
192,63000030,建國花市,建國高架橋下橋段-信義路與仁愛路間,121.5378988,25.03589377
193,63000030,建國玉市,建國高架橋下橋段-濟南路與仁愛路間,121.5379922,25.03928538
194,63000030,藝文特區,建國高架橋下橋段-信義路與和平東路間,121.5377943,25.02997019
195,63000030,第二殯儀館(除吸菸區外禁止吸菸),辛亥路3段330號,121.5530071,25.01375471
196,63000030,國立臺北科技大學周邊人行道,忠孝東路3段1號,121.5355146,25.04221388
197,63000030,大安運動中心戶外區域,辛亥路3段55號,121.5460004,25.02039972
198,63000030,師大附中周邊人行道,信義路3段143號,121.5403964,25.03367504
199,63000030,古亭國小周邊人行道,羅斯福路3段201號,121.5284855,25.02067114
200,63000030,國立臺灣科技大學周邊人行道,基隆路4段43號,121.5406238,25.01374301
201,63000030,和平高中周邊人行道,臥龍街100號,121.5491459,25.01963882
202,63000030,大安高工周邊人行道,復興南路2段52號,121.5433033,25.03197225
203,63000030,仁愛國中周邊人行道,仁愛路4段130號,121.550823,25.03774296
204,63000030,大安國中周邊人行道,大安路2段63號,121.5461936,25.03076434
205,63000030,芳和國中周邊人行道,臥龍街170號,121.5503058,25.01870295
206,63000030,龍門國中周邊人行道,建國南路2段269號,121.5380304,25.02489997
207,63000030,懷生國中周邊人行道,忠孝東路3段248巷30號,121.541209,25.04036494
208,63000030,民族國中周邊人行道,羅斯福路4段113巷13號,121.5388319,25.01118392
209,63000030,金華國中周邊人行道,新生南路2段32號,121.5331234,25.03120115
210,63000030,龍安國小周邊人行道,新生南路3段33號,121.534846,25.02395203
211,63000030,大安國小周邊人行道,臥龍街129號,121.5496466,25.01950662
212,63000030,幸安國小周邊人行道,仁愛路3段22號,121.534136,25.03853056
213,63000030,建安國小周邊人行道,大安路2段99號,121.5461502,25.02938685
214,63000030,仁愛國小周邊人行道,安和路1段60號,121.5523863,25.03579211
215,63000030,金華國小周邊人行道,愛國東路79巷11號,121.5277618,25.03225119
216,63000030,新生國小周邊人行道,新生南路2段36號,121.5336118,25.0297591
217,63000030,公館國小周邊人行道,基隆路4段41巷68弄2號,121.5428654,25.01241755
218,63000030,銘傳國小周邊人行道,羅斯福路4段21號,121.5352246,25.01424116
219,63000030,新民國小周邊人行道,辛亥路1段113號,121.5318632,25.02238424
220,63000030,立人國際中小學周邊人行道,安和路2段99號,121.5518924,25.02980257
221,63000030,金甌女中周邊人行道,杭州南路2段1號,121.5242393,25.03492981
222,63000030,復興高中（附設國民中小學）周邊人行道,敦化南路1段262號,121.5484401,25.03932822
223,63000030,延平高中（附設國民中學）周邊人行道,建國南路1段275號,121.5383564,25.03633783
224,63000030,開平餐飲職業學校周邊人行道,復興南路2段148巷24號,121.5423997,25.02853237
225,63000030,東方工商周邊人行道,信義路4段186巷8號,121.5514915,25.03214483
226,63000030,國立臺北教育大學周邊人行道,和平東路2段134號,121.5450437,25.02446988
227,63000030,淡江大學台北校園周邊人行道,金華街199巷5號,121.530195,25.0322556
228,63000030,國立臺灣大學社會科學院周邊人行道,羅斯福4段1號,121.533626,25.01698132
229,63000030,教大實小周邊人行道,和平東路2段94號,121.5408856,25.02500165
230,63000030,和平國小周邊人行道,敦南街76巷28號,121.5543,25.01861
231,63000030,63000030溫州街45巷內之綠地及其周邊戶外區域,溫州街45巷,121.5331927,25.02172036
232,63000030,7-11頂安,大安路1段67號1樓,121.546279,25.04247638
233,63000030,7-11中廣,仁愛路3段25-1號,121.5343667,25.03858372
234,63000030,7-11仁安,仁愛路4段27巷1號,121.5452781,25.0387659
235,63000030,7-11頂好,仁愛路4段79號1號,121.5473591,25.03817802
236,63000030,7-11合維,四維路170巷8號1樓,121.5475628,25.02812057
237,63000030,7-11靜安,光復南路262號,121.5574006,25.04018426
238,63000030,7-11敦安,安和路1段86號,121.5523464,25.03478136
239,63000030,7-11和金,和平東路1段91號,121.5257092,25.02701264
240,63000030,7-11和泰,和平東路1段169號,121.5317893,25.0265311
241,63000030,7-11溫東,和平東路1段266號,121.5336748,25.02598431
242,63000030,7-11龍門,和平東路2段18號,121.5359971,25.02569382
243,63000030,7-11禾光,和平東路2段63號1樓,121.5385356,25.02573414
244,63000030,7-11龍和,和平東路2段197號1樓,121.5422876,25.02523023
245,63000030,7-11技安,和平東路3段97號,121.5507788,25.02461296
246,63000030,7-11富陽,和平東路3段298號1樓,121.5562916,25.0205847
247,63000030,7-11吉忠,延吉街72號,121.5541106,25.04253333
248,63000030,7-11義村,忠孝東路3段160號,121.5383837,25.04146319
249,63000030,7-11建忠,忠孝東路3段249號,121.5414345,25.04184394
250,63000030,7-11敦仁,忠孝東路4段148號,121.5499114,25.04129881
251,63000030,7-11鳳翔,忠孝東路4段216巷68號,121.5528444,25.03829168
252,63000030,7-11阿波羅,忠孝東路4段222號1樓,121.5535874,25.04121249
253,63000030,7-11統領,忠孝東路4段223巷9號1樓,121.55289,25.04221361
254,63000030,7-11吉孝,忠孝東路4段299號,121.5553373,25.0415984
255,63000030,7-11鑫忠孝,忠孝東路4段313號1樓,121.555862,25.04159457
256,63000030,7-11瑞升,杭州南路2段91號,121.5220549,25.02861245
257,63000030,7-11豐安,東豐街9號,121.544237,25.03595643
258,63000030,7-11金信,金山南路2段18號1樓,121.5269443,25.03320095
259,63000030,7-11大信,信義路3段33號,121.5346236,25.03376501
260,63000030,7-11森美,信義路3段65號1樓,121.5366324,25.03372334
261,63000030,7-11鑫復,信義路3段178號1樓,121.5422653,25.03319964
262,63000030,7-11信興,信義路4段32號,121.5447107,25.0331594
263,63000030,7-11鑫通,信義路4段294巷7號1樓,121.5543843,25.03259796
264,63000030,7-11花市,建國南路1段274號,121.5373424,25.03638923
265,63000030,7-11建南,建國南路2段151巷6之8號,121.5382665,25.02869127
266,63000030,7-11師大,師大路87號,121.5285563,25.02320982
267,63000030,7-11欣隆昌,基隆路2段142之1號,121.5567456,25.02820392
268,63000030,7-11華電,通化街177號,121.5535816,25.02745211
269,63000030,7-11通化,通化街26之8號,121.5541602,25.03138895
270,63000030,7-11崇光,復興南路1段135巷5號,121.5446421,25.04273935
271,63000030,7-11復維,復興南路2段17號,121.5437875,25.03234137
272,63000030,7-11喜悅,復興南路2段82-1號,121.5433251,25.03090193
273,63000030,7-11科技站,復興南路2段203號,121.5436683,25.02628347
274,63000030,7-11昇隆,敦化南路2段238號,121.5482915,25.02093973
275,63000030,7-11樂利,樂利路76號,121.5519245,25.02571072
276,63000030,7-11樂安,樂業街71號,121.5509109,25.02196349
277,63000030,7-11羅鑫,羅斯福路3段29號1樓,121.5252371,25.02366575
278,63000030,7-11龍泉,羅斯福路3段193號1樓,121.5281251,25.02104201
279,63000030,7-11溫州,羅斯福路3段245號,121.5299761,25.01930321
280,63000030,全家安賢店,四維路170巷4號,121.5478012,25.02810831
281,63000030,全家國父紀念館店,光復南路292號,121.5574544,25.03926742
282,63000030,全家光新店,光復南路418號,121.5573833,25.03654485
283,63000030,全家和信店,安和路1段104號,121.5523218,25.03416175
284,63000030,全家和新店,和平東路2段22號,121.5362988,25.02565329
285,63000030,全家和復店,和平東路2段261號,121.5439186,25.02499577
286,63000030,全家成功店,和平東路2段311巷32號,121.5450737,25.02561251
287,63000030,全家和茂店,和平東路3段58號1樓,121.5481708,25.02445933
288,63000030,全家延安二店,延吉街130號,121.5547102,25.04012597
289,63000030,全家延安店,延吉街158號,121.5548919,25.03949257
290,63000030,全家延吉店,忠孝東路4段216巷31號,121.5530492,25.03958276
291,63000030,全家延東店,忠孝東路4段223巷41號,121.5528716,25.04264494
292,63000030,全家忠孝光復店,忠孝東路4段302號,121.5564452,25.04115473
293,63000030,全家忠孝延吉店,忠孝東路4段315號1樓,121.5559223,25.04159196
294,63000030,全家金信店,信義路2段104號1樓,121.5275337,25.03385213
295,63000030,全家義興店,信義路4段1之10號,121.544127,25.03356203
296,63000030,全家義和店,信義路4段265巷8號,121.5542053,25.03375123
297,63000030,全家建南店,建國南路1段156號,121.5369172,25.04118253
298,63000030,全家建國店,建國南路2段151巷38號1樓,121.5392882,25.02868119
299,63000030,全家師大店,師大路79號,121.5285611,25.02340363
300,63000030,全家興忠店,復興南路1段200號,121.5434965,25.03969162
301,63000030,全家興仁店,復興南路1段217號,121.5439464,25.03910241
302,63000030,全家復豐店,復興南路1段257號1樓,121.5438749,25.03662772
303,63000030,全家懷生店,復興南路1段70號,121.5436069,25.04415241
304,63000030,全家復豪店,復興南路1段362號,121.54341,25.03522306
305,63000030,全家興和店,復興南路2段153號,121.5437027,25.02831637
306,63000030,全家興南店,復興南路2段8號,121.5433724,25.03290133
307,63000030,全家新生南路店,新生南路1段163號,121.532955,25.03431527
308,63000030,全家台新店,新生南路3段84之8號,121.5334884,25.01881825
309,63000030,全家古亭店,羅斯福路2段103號,121.5244793,25.02466835
310,63000030,全家羅中店,羅斯福路2段17號1樓,121.5219263,25.02809272
311,63000030,萊爾富北市安孝店,忠孝東路3段287號,121.5428815,25.04182744
312,63000030,萊爾富北市杭州店,杭州南路2段5號,121.5239952,25.03458192
313,63000030,萊爾富北市安復店,復興南路1段135巷21號,121.5452115,25.04270917
314,63000030,萊爾富北市安興店,復興南路2段148號1樓全部,121.5432793,25.02825951
315,63000030,萊爾富北市羅斯福店,羅斯福路2段75之1號,121.5231902,25.02642261
316,63000030,OK金山南路店,金山南路2段113號,121.5267915,25.03044741
317,63000030,星巴克通化,文昌街209號,121.5545089,25.03245601
318,63000030,星巴克和平,和平東路1段2號,121.5229073,25.02682496
319,63000030,星巴克建和,和平東路2段42-1號,121.5373027,25.02544633
320,63000030,星巴克龍門,忠孝東路4段134號1樓,121.5483228,25.04133342
321,63000030,星巴克忠孝延吉,忠孝東路4段230號,121.553932,25.04120422
322,63000030,星巴克復安,復興南路1段135巷9號,121.5448325,25.04272444
323,63000030,星巴克興南,復興南路1段323號1樓,121.5438082,25.0337605
324,63000030,星巴克興和,復興南路2段275號1樓,121.5436479,25.0255776
325,63000030,星巴克古亭,羅斯福路2段109號,121.5245887,25.0245223
326,63000030,85度C科技大樓店,和平東路2段98號,121.5414395,25.02494098
327,63000030,85度C台北和平東店,和平東路3段342號,121.5573183,25.0196015
328,63000030,路易莎市民門市,光復南路102號,121.5574812,25.04346388
329,63000030,路易莎國父紀念館門市,光復南路302號,121.5574457,25.03897805
330,63000030,路易莎和平新生門市,和平東路1段228號,121.5322979,25.02609209
331,63000030,路易莎師大直營門市,和平東路1段79號,121.5252798,25.02705396
332,63000030,路易莎復興辛亥門市,辛亥路二段205號,121.5423139,25.02163031
333,63000030,路易莎忠孝216門市,忠孝東路4段216巷52號,121.5528535,25.03887298
334,63000030,路易莎信義金山門市,信義路2段128號,121.5281425,25.03376805
335,63000030,路易莎大安門市,信義路4段28號,121.5444622,25.03316528
336,63000030,路易莎六張犁門市,基隆路2段190-1號,121.5519404,25.02404993
337,63000030,路易莎忠孝SOGO門市,復興南路1段133之1號,121.5441736,25.04276356
338,63000030,路易莎敦南遠企門市,敦化南路2段277號1樓,121.549091,25.02487005
339,63000030,路易莎台大公館門市,新生南路3段100號,121.5329376,25.01687613
340,63000030,伯朗科大店,忠孝東路3段52號1樓,121.5353659,25.04175409
341,63000030,丹堤忠孝復興門市,忠孝東路3段228號,121.5406607,25.04145284
342,63000030,丹堤捷運大安門市,信義路3段184號,121.5426022,25.0331962
343,63000030,丹堤捷運科技門市,復興南路2段277號,121.5436465,25.02550094
344,63000030,怡客大安捷運店,信義路4段1-13號,121.5442077,25.03356089
345,63000030,西雅圖延吉門市,忠孝東路4段250號1樓,121.5542159,25.04120263
346,63000030,西雅圖台大門市,新生南路3段88號,121.5333552,25.01812254
347,63000030,cama caf'e台北和平店,和平東路3段6號,121.546876,25.02451162
348,63000030,cama caf'e台北東門店,信義路2段52號,121.5258655,25.03447879
349,63000030,cama caf'e大安信義店,信義路3段174號,121.5421244,25.03315529
350,63000030,cama caf'e森林公園店,信義路3段25號,121.5342943,25.03377261
351,63000030,cama caf'e台北敦南店,敦化南路2段5號,121.549153,25.03282549
352,63000030,cama caf'e忠孝新生店,新生南路1段90號,121.5325603,25.04038735
353,63000030,彼得好東門永康店,信義路2段108號,121.5276686,25.03383308
354,63000030,彼得好敦南店,敦化南路2段103巷8號,121.5495279,25.02853746
355,63000040,林安泰古厝民俗文物館,濱江街5號,121.5303644,25.071748
356,63000040,實踐大學周邊人行道,大直街70號,121.5462342,25.08358653
357,63000040,第一殯儀館(除吸菸區外禁止吸菸),民權東路2段145號,121.5363803,25.06260134
358,63000040,長安國小周邊人行道,吉林路15號,121.5301833,25.04975927
359,63000040,中山運動中心戶外區域,中山北路2段44巷2號,121.5215626,25.05484288
360,63000040,大同大學周邊人行道,中山北路3段40號,121.5222096,25.06684013
361,63000040,五常國小周邊人行道,五常街16號,121.5422128,25.06419611
362,63000040,臺北市立圖書館大直分館周邊人行道,大直街25號,121.5466135,25.08185584
363,63000040,中山女高,長安東路2段141號,121.5371613,25.04853158
364,63000040,大直高中周邊人行道,北安路420號,121.54285,25.07943202
365,63000040,大同高中周邊人行道,長春路167號,121.5351084,25.05498628
366,63000040,長安國中周邊人行道,松江路70巷11號,121.5319246,25.04941324
367,63000040,北安國中周邊人行道,明水路325號,121.5416244,25.0777879
368,63000040,濱江國中周邊人行道,樂群2路262號,121.5607163,25.0795975
369,63000040,五常國中周邊人行道,復興北路430巷1號,121.543092,25.06348986
370,63000040,新興國中周邊人行道,林森北路511號,121.5257884,25.0620636
371,63000040,中山國小周邊人行道,民權東路1段69號,121.5263146,25.06291418
372,63000040,中正國小周邊人行道,龍江路62號,121.5402637,25.05062224
373,63000040,濱江國小周邊人行道,樂群二路266巷99號,121.5616838,25.07731261
374,63000040,大直國小周邊人行道,大直街2號,121.5464326,25.08049438
375,63000040,大佳國小周邊人行道,濱江街107號,121.5359539,25.07330346
376,63000040,吉林國小周邊人行道,長春路116號,121.5296309,25.05471748
377,63000040,懷生國小周邊人行道,安東街16巷2號,121.5417447,25.04527708
378,63000040,永安國小周邊人行道,明水路397巷19弄1號,121.5493916,25.07873552
379,63000040,長春國小周邊人行道,長春路165號,121.5338829,25.05494786
380,63000040,中興高中周邊人行道,朱崙街42號,121.5419369,25.04989142
381,63000040,大同高中周邊人行道,中山北路3段40號,121.5222096,25.06684013
382,63000040,中山地政事務所周邊戶外區域,松江路357巷1號,121.5341704,25.06353171
383,63000040,國立臺北大學臺北校區周邊人行道及機車停車場,民生東路3段67號,121.5422792,25.05804925
384,63000040,7-11江陵,一江街23號,121.5316511,25.05283979
385,63000040,7-11東崙,八德路2段282號,121.5416975,25.04690415
386,63000040,7-11潤泰,八德路2段314號,121.5428358,25.04717982
387,63000040,7-11崑崙,中山北路1段105巷13號,121.5233085,25.05079509
388,63000040,7-11晶鑽,中山北路2段39巷8號1樓,121.5235479,25.0539289
389,63000040,7-11長中,中山北路2段40-1號,121.5224715,25.05453909
390,63000040,7-11長城,中山北路2段56號1樓,121.5225541,25.05643519
391,63000040,7-11國賓,中山北路2段71號,121.5230527,25.05728556
392,63000040,7-11撫順,中山北路3段23-6號,121.522608,25.06485386
393,63000040,7-11麥田,中山北路3段47號,121.5225956,25.06653298
394,63000040,7-11民美,中山北路3段57號,121.523064,25.06827988
395,63000040,7-11原新,中原街82、84號1樓,121.5288244,25.05928702
396,63000040,7-11天津,天津街65號,121.5235477,25.05171031
397,63000040,7-11欣旺,北安路604號,121.5489305,25.08195924
398,63000040,7-11林北,民生東路1段46-1號1樓,121.5246039,25.05793177
399,63000040,7-11中福,民生東路2段113號,121.5315562,25.0581063
400,63000040,7-11新西華,民生東路3段31號,121.5390859,25.05804768
401,63000040,7-11金鑽,民權西路56號,121.5203818,25.06264123
402,63000040,7-11金蓬,民權西路73號,121.5198855,25.06303745
403,63000040,7-11勝權,民權東路2段26號,121.5288627,25.06240863
404,63000040,7-11福權,民權東路2段96號1樓,121.5318768,25.06232847
405,63000040,7-11權東,民權東路3段71號,121.5434901,25.06253968
406,63000040,7-11大吉,吉林路97號1樓,121.5302778,25.05581695
407,63000040,7-11吉林,吉林路209號1樓,121.5303651,25.06024093
408,63000040,7-11吉安,吉林路365號,121.5304841,25.06495919
409,63000040,7-11明水,明水路636號1樓,121.5513459,25.08284169
410,63000040,7-11松運,松江路101號,121.5332231,25.05115507
411,63000040,7-11鑫櫃,松江路183號1樓,121.5333181,25.05640524
412,63000040,7-11松鑫,松江路208號,121.532908,25.05764409
413,63000040,7-11松錦,松江路295號1樓,121.533391,25.06085107
414,63000040,7-11長松,松江路65號,121.5331832,25.0490837
415,63000040,7-11森鑽,林森北路101號1樓,121.5249743,25.05015267
416,63000040,7-11晶華,林森北路262號,121.525327,25.0546249
417,63000040,7-11森泰,林森北路358號,121.5253863,25.05727608
418,63000040,7-11林森北,林森北路380之1號1樓,121.525412,25.05847849
419,63000040,7-11京都,林森北路411號,121.5256853,25.05969801
420,63000040,7-11林森,林森北路500號,121.5254752,25.0617929
421,63000040,7-11林安,林森北路572號,121.5255519,25.06500406
422,63000040,7-11森華,林森北路587號1樓,121.5259044,25.06603783
423,63000040,7-11長津,長安東路1段12號,121.5229802,25.04941166
424,63000040,7-11長新,長安東路1段75號1樓,121.5278781,25.04849698
425,63000040,7-11長通,長安東路2段101號,121.5350763,25.0485228
426,63000040,7-11鑫安江,長安東路2段178號1樓,121.5405849,25.04821747
427,63000040,7-11江東,長安東路2段43號1樓,121.5317625,25.04857789
428,63000040,7-11長北,長春路11號,121.5236656,25.05506471
429,63000040,7-11春城,長春路135號1樓,121.5313777,25.05495246
430,63000040,7-11國學,長春路182號,121.5345455,25.05467798
431,63000040,7-11春龍,長春路257號,121.5406653,25.05477113
432,63000040,7-11春森,長春路67號,121.5264929,25.05502256
433,63000040,7-11京旺,南京東路1段92號1樓,121.5260122,25.05191203
434,63000040,7-11吉鑫,南京東路2段11號1樓,121.5284226,25.05233637
435,63000040,7-11京山,南京東路2段100號1樓,121.5318639,25.05185676
436,63000040,7-11松京,南京東路2段144號1樓,121.5339686,25.0518345
437,63000040,7-11國京,南京東路3段21號1樓,121.5377742,25.05218117
438,63000040,7-11京典,南京東路3段86號1樓,121.5394374,25.0517484
439,63000040,7-11威克,南京東路3段208號1樓,121.5432459,25.05166957
440,63000040,7-11新寶,建國北路1段136號,121.5363917,25.05092748
441,63000040,7-11建欣,建國北路2段13號1樓,121.5372319,25.05375482
442,63000040,7-11復北,復興北路164號,121.5438601,25.05347197
443,63000040,7-11稻江,新生北路3段35號,121.5280279,25.06501409
444,63000040,7-11農安,農安街28-2號,121.5264159,25.06481555
445,63000040,7-11鑫德惠,德惠街15號,121.5260968,25.06674965
446,63000040,7-11元大,遼寧街110號1樓,121.5419951,25.05258039
447,63000040,7-11遼寧,遼寧街160號1樓,121.5420301,25.05514176
448,63000040,7-11興復,興安街112號,121.5430201,25.05595238
449,63000040,7-11樂美,樂群三路75、77號1樓,121.5578279,25.08264526
450,63000040,7-11永錦,錦西街1號,121.5221155,25.0603982
451,63000040,7-11曾德,錦州街21-2號,121.5250387,25.06040164
452,63000040,7-11錦北,錦州街8號,121.5236972,25.06026524
453,63000040,7-11龍京,龍江路104號1樓,121.5403548,25.05274565
454,63000040,7-11濱江,龍江路356巷39號1樓,121.5393221,25.06607981
455,63000040,全家京江店,一江街22號1樓,121.531415,25.05268003
456,63000040,全家市民店,中山北路1段58號,121.520702,25.04849405
457,63000040,全家聚葉店,中山北路2段137巷34號1樓,121.5251021,25.06161821
458,63000040,全家台鑫店,中山北路2段44號1樓,121.5225068,25.05520027
459,63000040,全家中賓店,中山北路2段59之3號1樓,121.522967,25.05602298
460,63000040,全家東南店,中山北路2段60號,121.5225615,25.05657175
461,63000040,全家新國賓店,中山北路2段75-1號1樓,121.5230559,25.05745527
462,63000040,全家日津店,天津街47號1樓,121.5230922,25.05012287
463,63000040,全家新北鄰店,北安路458巷41弄48號1樓,121.5462835,25.07890586
464,63000040,全家新馬偕店,民生西路33號1-4樓,121.5210787,25.05784279
465,63000040,全家雙全店,民生西路62號,121.5208921,25.05755003
466,63000040,全家玉林店,民生東路1段27巷15號,121.5251178,25.05870493
467,63000040,全家福泰店,民生東路1段36號1樓,121.5243066,25.05793423
468,63000040,全家民佳店,民生東路2段155號1樓,121.5358613,25.05811628
469,63000040,全家民權西路店,民權西路35號1樓,121.5212009,25.06299962
470,63000040,全家長通店,伊通街108號1樓,121.5347167,25.05409365
471,63000040,全家金通店,伊通街58號,121.534655,25.05152999
472,63000040,全家合江店,合江街87號1樓,121.5393412,25.05925454
473,63000040,全家德惠店,吉林路448號,121.5303052,25.06670543
474,63000040,全家光華店,松江路24之1號,121.5327251,25.04699402
475,63000040,全家松京店,松江路122號,121.5328136,25.25232606
476,63000040,全家松茂店,松江路127之1號1樓,121.5333538,25.05357645
477,63000040,全家權勝店,松江路400號1樓,121.5330095,25.06377632
478,63000040,全家金林店,林森北路109號1樓,121.5250504,25.05042821
479,63000040,全家復林店,林森北路149-1號1樓,121.5253524,25.05153176
480,63000040,全家金漾店,林森北路308號,121.5253227,25.05610417
481,63000040,全家林慶店,林森北路376號1樓,121.5253839,25.05787124
482,63000040,全家錦富店,林森北路428號1樓,121.5254474,25.05999519
483,63000040,全家新林森店,林森北路630號1樓,121.5261413,25.06759633
484,63000040,全家新錦林店,林森北路399巷24號1樓,121.5261946,25.05936602
485,63000040,全家正義店,長安東路1段55號,121.5264846,25.04881589
486,63000040,全家遼寧店,長安東路2段216號,121.5424162,25.04818745
487,63000040,全家本部店,長安東路2段99號1樓,121.5349228,25.0485244
488,63000040,全家長賓店,長春路15號1樓,121.5239574,25.05505791
489,63000040,全家欣欣店,長春路100號1樓,121.5279358,25.05479331
490,63000040,全家春北店,長春路410號1樓,121.5437448,25.05447408
491,63000040,全家長春店,長春路48號,121.5257637,25.05481778
492,63000040,全家興亞店,南京東路2段26號,121.5290421,25.05188431
493,63000040,全家京林店,南京東路2段72號,121.5305907,25.05186398
494,63000040,全家京貿店,南京東路3段65號,121.5383894,25.05216881
495,63000040,全家新復店,復興北路514巷35號,121.5426111,25.06605121
496,63000040,全家興德店,復興南路1段38號,121.5436584,25.04549473
497,63000040,全家美林店,新生北路2段62巷38-3號,121.5258902,25.05615299
498,63000040,全家新農店,農安街26之3號1樓,121.5262098,25.06480106
499,63000040,全家新晴店,農安街4-1號,121.5230737,25.06487355
500,63000040,全家新德城店,德惠街16-7號,121.5247059,25.06661989
501,63000040,全家光輝店,德惠街34之2號1樓,121.5264099,25.06658271
502,63000040,全家錦西店,錦西街8號,121.5217103,25.06023771
503,63000040,全家新南京店,龍江路95號1樓,121.5405731,25.05141277
504,63000040,全家龍京店,龍江路102號1樓,121.5403543,25.05264504
505,63000040,全家金磚店,雙城街19巷2號,121.5245264,25.06532893
506,63000040,全家雙林店,雙城街2之2號,121.5243202,25.06318982
507,63000040,萊爾富中山美妍,中山北路2段93巷5號1樓,121.5235541,25.0594197
508,63000040,萊爾富北市中山店,中山北路2段137巷2號,121.5237195,25.06166602
509,63000040,萊爾富北市中原二店,中原街77號,121.5290076,25.05901894
510,63000040,萊爾富北市山擎店,天祥路70號,121.5208003,25.06242042
511,63000040,萊爾富北市長松店,松江路50號,121.5327415,25.04824616
512,63000040,萊爾富中山晶華店,林森北路258號1樓,121.5253245,25.05448456
513,63000040,萊爾富北市山寧店,長安東路2段171-7號,121.5419678,25.04839858
514,63000040,萊爾富北市山華店,長春路208號,121.5373688,25.05465109
515,63000040,萊爾富中山錦東,錦州街32-1、32-2號,121.5249427,25.06021871
516,63000040,OK北安店,北安路476號,121.5451013,25.07960093
517,63000040,OK台北撫順店,撫順街21號,121.5206198,25.06366329
518,63000040,星巴克實踐,大直街70號1樓,121.5462342,25.08358654
519,63000040,星巴克中山,中山北路2段171號,121.5228432,25.06297796
520,63000040,星巴克馬偕,民生西路7號1樓,121.5217167,25.05791839
521,63000040,星巴克民權西,民權西路62號,121.5201156,25.06264953
522,63000040,星巴克松江,松江路210號,121.5329087,25.05774768
523,63000040,星巴克松江長安,松江路54號1樓,121.5327524,25.04868136
524,63000040,星巴克林森,林森北路247號1樓,121.5255601,25.05413121
525,63000040,星巴克林森農安,林森北路568號,121.5255537,25.06479743
526,63000040,星巴克南京林森,南京東路1段52號,121.5246689,25.05194989
527,63000040,星巴克南京建國,南京東路3段1號,121.5371865,25.05221623
528,63000040,星巴克南京復興,南京東路3段224號1F,121.5437278,25.05165987
529,63000040,星巴克美麗華,敬業三路20號1樓,121.556712,25.0829259
530,63000040,85度C台北吉林店,吉林路201號,121.5303596,25.05998824
531,63000040,85度C台北榮星店,龍江路358號1樓,121.5408892,25.06610618
532,63000040,路易莎民生松江門市,民生東路2段150號,121.5324458,25.05782108
533,63000040,路易莎民權西門市,民權西路3號,121.5221696,25.06297394
534,63000040,路易莎松江長安門市,長安東路2段78-1號,121.5339568,25.04833536
535,63000040,路易莎南京新生門市,南京東路2段6號1樓,121.5283113,25.05188871
536,63000040,路易莎南京建國直營門市,南京東路2段206號,121.5358444,25.05182018
537,63000040,路易莎錦州門市,錦州街3號,121.5238028,25.06043397
538,63000040,路易莎撫順門市,撫順街33號,121.5199966,25.0635461
539,63000040,路易莎龍江門市,龍江路393號,121.5410503,25.06535988
540,63000040,路易莎晴光門市,雙城街17-6號,121.5243607,25.06531231
541,63000040,伯朗中山一店,中山北路1段106-1號,121.5212966,25.0496727
542,63000040,伯朗松江店,松江路332號,121.532974,25.06119284
543,63000040,伯朗南京店,南京東路2段218號,121.5361881,25.05181416
544,63000040,丹堤第一飯店門市,南京東路2段63號,121.5302502,25.05225615
545,63000040,怡客松江南京店,松江路125號,121.5332566,25.05302376
546,63000040,怡客南京店,南京東路3段119號,121.540048,25.05213233
547,63000040,怡客錦州店,錦州街3號,121.5238028,25.06043397
548,63000040,cama caf'e 中山農安店,中山北路3段25之10號,121.5224843,25.0651871
549,63000040,cama caf'e 民生馬偕店,民生東路1段2號,121.5232495,25.05783526
550,63000040,cama caf'e 民生松江店,民生東路2段133號,121.5323879,25.0580882
551,63000040,cama caf'e 台北天津店,長安東路1段15號,121.5227482,25.04968299
552,63000040,cama caf'e 南京松江店,南京東路2段111之2號,121.5334845,25.05223206
553,63000040,cama caf'e 南京龍江店,南京東路3段82號,121.5393482,25.05175125
554,63000040,彼得好民權中山店,中山北路2段160號,121.5223343,25.06307401
555,63000050,河堤國小周邊人行道,汀州路2段段180號,121.5226454,25.02326233
556,63000050,臺北市城中社會福利綜合大樓,貴陽街1段60號,121.5090392,25.038926
557,63000050,成功高中周邊人行道,濟南路1段71號,121.5238111,25.04239446
558,63000050,國立臺北商業大學周邊人行道,濟南路1段321號,121.5255319,25.04194696
559,63000050,中正運動中心戶外區域,信義路1段1號,121.5191741,25.03825587
560,63000050,忠孝國小周邊人行道,忠孝東路2段101號,121.5317502,25.0428387
561,63000050,螢橋國中周邊人行道,汀州路3段4號,121.5264731,25.01906219
562,63000050,青少年發展處所屬周邊戶外區域,仁愛路1段17號,121.5222405,25.03901064
563,63000050,北一女周邊人行道,重慶南路1段165號,121.5130149,25.03860644
564,63000050,建國高中周邊人行道,南海路56號,121.5121774,25.03121004
565,63000050,古亭國中周邊人行道,中華路2段465號,121.5106232,25.02466338
566,63000050,南門國中周邊人行道,廣州街6號,121.5090936,25.03522993
567,63000050,弘道國中周邊人行道,公園路21號,121.5152945,25.03754447
568,63000050,中正國中周邊人行道,愛國東路158號,121.5220805,25.03233283
569,63000050,螢橋國小周邊人行道,詔安街29號,121.5144464,25.02492765
570,63000050,忠義國小周邊人行道,中華路2段307巷17號,121.5062662,25.02958788
571,63000050,國語實小周邊人行道,南海路58號,121.5110228,25.03092079
572,63000050,東門國小周邊人行道,仁愛路1段2號,121.5208873,25.03868236
573,63000050,市大附小周邊人行道,公園路29號,121.5152733,25.03633258
574,63000050,開南商工周邊人行道,濟南路1段6號,121.5218372,25.04241741
575,63000050,強恕高中周邊人行道,汀州路2段143號,121.5201682,25.02486351
576,63000050,南華高中職業進修學校周邊人行道,汀州路3段58號,121.5312886,25.01548693
577,63000050,光華數位新天地所屬1樓周邊戶外區域,市民大道3段8號,121.5321007,25.0452159
578,63000050,臺北市立大學博愛校區,愛國西路1號,121.5135802,25.03555915
579,63000050,臺灣大學男生第二宿舍及女生第六宿舍所屬之室外場所及周邊人行道,徐州路2-2號,121.52112,25.04122
580,63000050,臺北車站周邊區域,北平西路3號,121.5170577,25.04717593
581,63000050,臺北市公有幸安市場大樓所屬之室外場所,濟南路2段46號,121.5308,25.0403
582,63000050,7-11德金,八德路1段29號,121.5313761,25.04411309
583,63000050,7-11欣漢華,中華路1段41號1樓,121.509477,25.0448647
584,63000050,7-11華慶,中華路1段59之16號,121.5085303,25.04133479
585,63000050,7-11仁金,仁愛路2段39號,121.5286267,25.03844245
586,63000050,7-11鑫泉州,汀州路1段285號1樓,121.5138055,25.02635261
587,63000050,7-11古亭,汀州路2段210號,121.5236673,25.02240524
588,63000050,7-11鑫館,汀州路3段269號1樓,121.5353935,25.01257272
589,63000050,7-11晉江,和平西路1段26號,121.5207306,25.02660985
590,63000050,7-11大埔,和平西路2段152號,121.505575,25.03300478
591,63000050,7-11中樂,延平南路47號,121.5105094,25.04497741
592,63000050,7-11鑫台北,忠孝西路1段35號,121.5187126,25.04609049
593,63000050,7-11忠孝東,忠孝東路1段72號,121.5238895,25.04447633
594,63000050,7-11華山,忠孝東路1段138號,121.5254682,25.04408802
595,63000050,7-11忠聯,忠孝東路2段100號1樓,121.5304539,25.04276981
596,63000050,7-11鑫杭,杭州南路1段23號,121.526463,25.04225559
597,63000050,7-11丹陽,杭州南路1段83號,121.5255276,25.03908035
598,63000050,7-11中航,林森南路12號,121.5225937,25.04265899
599,63000050,7-11千成,林森南路4號之3,121.5216244,25.03888512
600,63000050,7-11台大,林森南路51號1樓,121.5221355,25.04024202
601,63000050,7-11重南,武昌街1段1-2號1樓,121.5135687,25.04410463
602,63000050,7-11慶城,武昌街1段18號1樓,121.512516,25.04401088
603,63000050,7-11博美,武昌街1段45號,121.5112127,25.04418125
604,63000050,7-11青島,青島東路4號,121.5213825,25.04391268
605,63000050,7-11杭信,信義路2段15號1樓,121.5253363,25.03517963
606,63000050,7-11鑫國語,南昌路1段135號1樓,121.5184914,25.02966484
607,63000050,7-11南昌,南昌路1段67號1樓,121.5174869,25.03101888
608,63000050,7-11羅昌,南昌路2段206號1樓,121.5243096,25.0240366
609,63000050,7-11南海,南海路50號,121.5153131,25.03205451
610,63000050,7-11鑫大孝,重慶南路1段1-1號1樓,121.5133833,25.04697826
611,63000050,7-11興忠,紹興北街3號1樓,121.525302,25.04476964
612,63000050,7-11紹興,紹興北街37號1樓,121.5255452,25.04545
613,63000050,7-11千翔,許昌街17號,121.5169578,25.04572485
614,63000050,7-11大永博,博愛路97號1樓,121.5116061,25.04303183
615,63000050,7-11開懷,開封街1段15號,121.5138014,25.04606134
616,63000050,7-11開博,開封街1段40號,121.5122642,25.04591809
617,63000050,7-11新廈門,?門街42號,121.5174299,25.02559684
618,63000050,7-11新文華,廈門街77號,121.5174378,25.02468489
619,63000050,7-11新南,新生南路1段126-7號,121.532504,25.03714985
620,63000050,7-11寧波,寧波西街3號,121.5187047,25.03149126
621,63000050,7-11鑫重寧,寧波西街86號1樓,121.5159051,25.02986808
622,63000050,7-11中愛,寧波東街17號1樓,121.5202304,25.03309497
623,63000050,7-11漢慶,漢口街1段82號,121.5128215,25.04510019
624,63000050,7-11鑫衡陽,衡陽路6號1樓,121.5137707,25.04223031
625,63000050,7-11新格蘭,衡陽路27號,121.512726,25.04239007
626,63000050,7-11慶陽,衡陽路93號,121.5095532,25.04231613
627,63000050,7-11興信鑫,館前路59號1樓,121.5151284,25.04480538
628,63000050,7-11八德,臨沂街1號1樓,121.5308905,25.04351451
629,63000050,7-11統新,臨沂街27巷10號1樓,121.5313973,25.04082462
630,63000050,7-11鑫華福,漢口街1段36號,121.5138358,25.04509797
631,63000050,7-11羅亭,羅斯福路2段68號,121.5219168,25.02742186
632,63000050,7-11新羅福,羅斯福路3段80號,121.5263667,25.0219861
633,63000050,7-11羅館,羅斯福路3段316巷16號1樓,121.5322452,25.0154768
634,63000050,全家新惠安店,中華路2段307巷46號,121.5064708,25.02950656
635,63000050,全家金門店,汀州路2段216號1樓,121.5238081,25.02228454
636,63000050,全家新廈門店,汀州路2段38號1樓,121.5176102,25.02531156
637,63000050,全家水源店,汀州路3段261號,121.5351989,25.01285765
638,63000050,全家和鄰店,和平西路1段82號1樓,121.5187438,25.02637788
639,63000050,全家寶慶店,延平南路111號,121.5095989,25.04184997
640,63000050,全家郡王店,延平南路68號,121.5103288,25.0449285
641,63000050,全家崇聖店,忠孝西路1段4號,121.5184929,25.04570425
642,63000050,全家鴻啟店,忠孝西路1段100號,121.5127069,25.04715446
643,63000050,全家凱撒店,忠孝西路1段38號,121.5164362,25.04621455
644,63000050,全家北車店,忠孝西路1段45號,121.5179344,25.04628235
645,63000050,全家善導寺店,忠孝東路1段9號1樓,121.5236704,25.04493338
646,63000050,全家兆豐店,忠孝東路2段93號1樓,121.5308867,25.04312935
647,63000050,全家文祥店,杭州南路1段147號,121.5246201,25.03596066
648,63000050,全家林森南路店,林森南路57號,121.5220741,25.03990248
649,63000050,全家北盛店,青島西路13號,121.5175992,25.04502417
650,63000050,全家南陽店,信陽街15號,121.5162007,25.04469767
651,63000050,全家南海店,南海路20號,121.5170109,25.03249267
652,63000050,全家重慶店,重慶南路1段58號,121.5131071,25.04391346
653,63000050,全家慶陽店,重慶南路1段89號,121.5133999,25.04354309
654,63000050,全家昌盛店,許昌街14號1樓,121.5167662,25.04543927
655,63000050,全家博愛店,博愛路63號1樓,121.511606,25.04423939
656,63000050,全家開封店,開封街1段41號1樓,121.5125266,25.04606245
657,63000050,全家漢盛店,漢口街1段18號,121.5143701,25.04508768
658,63000050,全家福昌店,福州街10號1樓,121.5197553,25.02942698
659,63000050,全家新衡陽店,衡陽路77號1樓,121.5110637,25.04233721
660,63000050,全家衡慶店,衡陽路7號1樓,121.5137609,25.04241394
661,63000050,全家新仟囍店,館前路36號1樓,121.5149067,25.04456531
662,63000050,全家富陽店,襄陽路7號1樓,121.5158753,25.04349767
663,63000050,全家西站店,懷寧街7之1號,121.514276,25.04620547
664,63000050,全家羅安店,羅斯福路2段140號１樓,121.5230452,25.02588646
665,63000050,全家羅斯店,羅斯福路2段62號1樓,121.5218403,25.02752664
666,63000050,萊爾富北市三創店,八德路1段46號1樓,121.5309053,25.04377931
667,63000050,萊爾富北市正忠店,忠孝東路1段35號1樓全部,121.5255356,25.04448776
668,63000050,萊爾富北市正泉店,泉州街31號,121.5143127,25.02947859
669,63000050,萊爾富北市正東店,紹興南街4之12號,121.5246801,25.04333626
670,63000050,萊爾富北市正慶店,衡陽路103號,121.5091355,25.04225301
671,63000050,萊爾富北市正寶店,寶慶路35號,121.5102956,25.04149296
672,63000050,OK汀州路店,汀州路3段109號,121.5299232,25.01680759
673,63000050,OK華山店,紹興北街8-1號,121.525304,25.04535208
674,63000050,星巴克紹興,忠孝東路1段31號1樓,121.5253362,25.04453639
675,63000050,星巴克杭州,信義路2段1號之1,121.5245351,25.03558455
676,63000050,星巴克南海,南海路20號,121.5170109,25.03249267
677,63000050,星巴克重慶,重慶南路1段104號1樓,121.5130856,25.0424323
678,63000050,星巴克館前漢口,館前路26號1樓,121.5149067,25.04487862
679,63000050,星巴克懷寧,懷寧街10號1-3樓,121.5141254,25.0461417
680,63000050,星巴克羅斯福,羅斯福路3段301號,121.531859,25.01744727
681,63000050,85度C台北汀州店,同安街57號,121.5218366,25.02416955
682,63000050,85度C台北寧波東店,寧波東街6號,121.5199038,25.03210286
683,63000050,路易莎沅陵門市,沅陵街6號,121.5128226,25.04275355
684,63000050,路易莎城中門市,延平南路13號,121.5108814,25.04604848
685,63000050,路易莎杭州門市,杭州南路1段153號,121.5245906,25.0358588
686,63000050,路易莎忠孝善導寺門市,忠孝東路1段148號,121.5256968,25.04403748
687,63000050,路易莎信陽直營門市,信陽街5號之2,121.5168064,25.04469896
688,63000050,路易莎南昌直營門市,南昌路1段123號,121.5183243,25.02987933
689,63000050,路易莎南海直營門市,南海路36號,121.515915,25.03220827
690,63000050,路易莎重慶南門市,重慶南路1段77-2號,121.5135508,25.04400623
691,63000050,路易莎寶慶門市,衡陽路112號,121.5099548,25.04211029
692,63000050,路易莎華山門市,紹興南街4-1號,121.5247715,25.04363113
693,63000050,路易莎忠孝新生門市,新生南路1段56-1號,121.5325119,25.04112169
694,63000050,路易莎信義新生門市,新生南路1段130號,121.5325002,25.03691134
695,63000050,路易莎忠孝新生門市,臨沂街27巷9-4號,121.5314279,25.04123538
696,63000050,伯朗延平店,延平南路127號1樓,121.5086214,25.03842354
697,63000050,伯朗公館店,羅斯福路3段236-1號,121.5303934,25.01827558
698,63000050,丹堤開封門市,開封街1段16號,121.5137718,25.04591424
699,63000050,怡客站前店,忠孝西路1段39號,121.5185799,25.04611881
700,63000050,怡客忠杭店,杭州南路1段8之2號,121.5265193,25.04318003
701,63000050,怡客婦幼店,南昌路1段155號,121.5187623,25.02929437
702,63000050,怡客衡陽店,衡陽路116號,121.5098097,25.04210414
703,63000050,cama caf'e 延平開封店,延平南路15號,121.5107844,25.04588918
704,63000050,cama caf'e 忠孝杭州店,杭州南路1段1號,121.5268614,25.04365133
705,63000050,cama caf'e 台北襄陽店,襄陽路35號,121.5136536,25.04353478
706,63000050,彼得好三創門市,八德路1段104號,121.5324334,25.04414717
707,63000050,彼得好古亭店,羅斯福路2段132號,121.5229115,25.0260738
708,63000050,彼得好南門店,羅斯福路1段24號,121.5188222,25.03163277
709,63000060,延平國小周邊人行道,昌吉街97號,121.5124035,25.06603508
710,63000060,民權國中周邊人行道,重慶北路3段1號,121.5139143,25.06356371
711,63000060,重慶國中周邊人行道,敦煌路19號,121.5179057,25.07593048
712,63000060,大同運動中心戶外區域,大龍街51號,121.5161028,25.06479129
713,63000060,寧夏夜市,寧夏路58號,121.5153567,25.05664739
714,63000060,臺北市5個捷運車站出口周邊戶外區域-捷運中山地下街R1出口旁,市民大道一段209號,121.51835,25.04889274
715,63000060,臺北市5個捷運車站出口周邊戶外區域-捷運中山地下街R1出口旁空地,市民大道一段209號,121.51835,25.04889274
716,63000060,明倫高中周邊人行道,承德路3段336號,121.5198895,25.07553265
717,63000060,成淵高中周邊人行道,承德路2段235號,121.5185272,25.06127489
718,63000060,建成國中周邊人行道,長安西路37-1號,121.5196973,25.05036717
719,63000060,忠孝國中周邊人行道,西寧北路32號,121.508267,25.05123343
720,63000060,蘭州國中周邊人行道,大龍街187巷1號,121.5167646,25.06932174
721,63000060,蓬萊國小周邊人行道,寧夏路35號,121.5155681,25.05653362
722,63000060,日新國小周邊人行道,太原路151號,121.5162087,25.05432483
723,63000060,太平國小周邊人行道,延平北路2段239號,121.51124,25.05992089
724,63000060,永樂國小周邊人行道,延平北路2段266號,121.5111338,25.06169367
725,63000060,雙蓮國小周邊人行道,錦西街51號,121.5166721,25.06011845
726,63000060,大同國小周邊人行道,大龍街51號,121.5161028,25.06479129
727,63000060,大龍國小周邊人行道,哈密街47號,121.5167206,25.07340479
728,63000060,大橋國小周邊人行道,重慶北路3段2號,121.5133787,25.06428715
729,63000060,啟聰學校周邊人行道,重慶北路3段320號,121.5135891,25.07469783
730,63000060,靜修女中（附設國民中學）周邊人行道,寧夏路59號,121.5153695,25.05791063
731,63000060,太原懷舊廣場,鄭州路21巷口,121.51471,25.0494
732,63000060,皇翔中山大樓所屬之騎樓及室外場所,南京西路62號,121.5189,25.0528
733,63000060,大稻埕遊客中心所屬騎樓,迪化街1段44號,121.5099,25.0549
734,63000060,7-11鑫太原,太原路40號,121.5151136,25.05038125
735,63000060,7-11仟瑞,民生西路84號1樓,121.5202132,25.0574609
736,63000060,7-11仟發,民生西路95號,121.5192619,25.05760544
737,63000060,7-11雙連,民生西路176號,121.5175428,25.05713837
738,63000060,7-11鑫寧,民生西路214號1樓,121.5149429,25.05690147
739,63000060,7-11迪化,民生西路343號,121.5111722,25.05702971
740,63000060,7-11延民,民族西路246號1樓,121.5124798,25.0685255
741,63000060,7-11權鑫,民權西路157之1號1樓,121.5163125,25.06314319
742,63000060,7-11詠樂,迪化街1段13號,121.5101944,25.05418645
743,63000060,7-11延華,延平北路1段89號,121.5119754,25.05179158
744,63000060,7-11延平北,延平北路1段100、112、116號1樓,121.5117538,25.05255542
745,63000060,7-11延埕,延平北路2段159號,121.5115958,25.05826238
746,63000060,7-11涼州,延平北路2段258號,121.5112782,25.06038143
747,63000060,7-11景星,延平北路3段19-5號1樓,121.5112413,25.06409437
748,63000060,7-11延年,延平北路3段61-5號,121.5111379,25.06582485
749,63000060,7-11延龍,延平北路4段16號1樓,121.5107759,25.06909702
750,63000060,7-11湧久,延平北路4段157號,121.5113939,25.07310391
751,63000060,7-11承華,承德路1段22號,121.5166893,25.05043758
752,63000060,7-11三德,承德路3段55號,121.51855,25.06524849
753,63000060,7-11昌吉,承德路3段60號,121.5181081,25.06532259
754,63000060,7-11長峰,長安西路45-2號1樓,121.518002,25.05077443
755,63000060,7-11厚讚,長安西路228號1、2樓,121.5145784,25.05136576
756,63000060,7-11塔城,長安西路271號,121.5106892,25.05213474
757,63000060,7-11圓慶,南京西路127號,121.5146662,25.05430191
758,63000060,7-11南西,南京西路316號1樓,121.5129462,25.05386616
759,63000060,7-11稻埕,南京西路436號,121.5088126,25.05328042
760,63000060,7-11新慶陽,重慶北路2段60號,121.5138197,25.05578962
761,63000060,7-11酒泉,重慶北路3段260號,121.5135841,25.07149519
762,63000060,7-11哈蜜,重慶北路3段309號,121.5140513,25.0739034
763,63000060,7-11慶吉,重慶北路3段47號1樓,121.5138984,25.06566574
764,63000060,7-11圓泉,酒泉街25號,121.519355,25.07069967
765,63000060,7-11保聖,酒泉街58號,121.5156981,25.07189849
766,63000060,7-11京站,華陰街91號,121.5175569,25.04980614
767,63000060,7-11慶寧,寧夏路23號,121.5151234,25.05512088
768,63000060,7-11靜中,寧夏路71號1樓,121.5151914,25.05850322
769,63000060,7-11篷萊,寧夏路131號,121.5145036,25.06063748
770,63000060,全家大龍店,大龍街133號1樓,121.5160463,25.06736697
771,63000060,全家蘭州店,大龍街217號1樓,121.5159743,25.07059261
772,63000060,全家泰元店,太原路81號,121.5157234,25.05188063
773,63000060,全家萬全店,民生西路63號,121.520151,25.05771956
774,63000060,全家權澤店,民權西路110號1樓,121.5170148,25.06273154
775,63000060,全家福澤店,民權西路146號,121.5158114,25.06276486
776,63000060,全家永樂店,延平北路2段260之1號,121.5112688,25.06040415
777,63000060,全家新橋店,延平北路3段25之3號,121.5112192,25.06445979
778,63000060,全家龍泉店,延平北路4段62號1樓,121.5108027,25.07051826
779,63000060,全家迪化街店,迪化街1段42號,121.5100035,25.05489941
780,63000060,全家京承店,承德路1段29號1樓,121.5172959,25.05091933
781,63000060,全家日新店,承德路2段39號1樓,121.5184017,25.05499165
782,63000060,全家長慶店,長安西路258號1樓,121.5133765,25.05164475
783,63000060,全家玉泉店,長安西路342號1樓,121.51024,25.05194002
784,63000060,全家福安店,長安西路54號1樓,121.5198846,25.0501393
785,63000060,全家福山店,長安西路25號,121.5199261,25.05034371
786,63000060,全家金慶店,南京西路308號1樓,121.5133355,25.05389213
787,63000060,全家京鋒店,南京西路61號1樓,121.5191316,25.05308236
788,63000060,全家慶權店,重慶北路2段263號1樓,121.513747,25.06275981
789,63000060,全家慶國店,重慶北路3段278之2號,121.5135949,25.07275838
790,63000060,全家龍昌店,重慶北路3段327號1樓,121.5140592,25.07433778
791,63000060,全家酒泉店,庫倫街48之4號,121.51829,25.07181159
792,63000060,全家鑫泉店,酒泉街227號,121.5112187,25.07223343
793,63000060,全家寧夏店,寧夏路28號,121.5151226,25.05582637
794,63000060,全家甘州店,歸綏街181之2號,121.5130603,25.05827366
795,63000060,萊爾富北市同京店,西寧北路35號,121.5088302,25.05357651
796,63000060,萊爾富北市同達店,延平北路2段114號,121.5114344,25.05709506
797,63000060,萊爾富北市延平店,延平北路2段255-1號,121.5113971,25.06245132
798,63000060,萊爾富北市延年店,延平北路3段40號,121.5110028,25.06470259
799,63000060,萊爾富北市同承店,承德路3段284號,121.5193443,25.07383899
800,63000060,萊爾富北市同蝶店,南京西路30號,121.5198536,25.05261058
801,63000060,萊爾富北市同安店,重慶北路1段63號,121.5141367,25.0516694
802,63000060,萊爾富北市圓捷店,酒泉街15號,121.5198542,25.07071652
803,63000060,OK大同樹德店,民族西路120號1樓,121.5167584,25.06843888
804,63000060,OK大同圓環店,南京西路258號,121.5152988,25.05366686
805,63000060,美廉社大同歸綏店,歸綏街207號,121.5120388,25.0582405
806,63000060,星巴克保安,保安街11號,121.5131994,25.05926137
807,63000060,星巴克台北圓環,南京西路288號,121.5139886,25.05391002
808,63000060,星巴克南京西,南京西路36號1樓,121.5195758,25.05267507
809,63000060,路易莎中山承德直營門市,南京西路65號1樓,121.5189315,25.05311796
810,63000060,路易莎酒泉門市,酒泉街139號,121.5142886,25.07213968
811,63000060,路易莎圓山直營門市,酒泉街35號,121.5190179,25.07068169
812,63000060,伯朗重慶店,重慶北路3段57號,121.5139078,25.06606816
813,63000060,cama caf'e台北承德店,承德路1段30號,121.5167488,25.05064681
814,63000060,彼得好民生雙連店,民生西路146號,121.5186793,25.05728646
815,63000070,華江國小周邊人行道,環河南路2段250巷42弄2號,121.4911966,25.03407715
816,63000070,萬華運動中心戶外區域,西寧南路6之1號,121.5071421,25.04749819
817,63000070,雙園國小周邊人行道,莒光路315號,121.4972403,25.03095246
818,63000070,華江高中周邊人行道,西藏路213號,121.4961687,25.02852649
819,63000070,大理高中周邊人行道,長順街2號,121.4912985,25.03089157
820,63000070,萬華國中周邊人行道,西藏路201號,121.4987021,25.02915923
821,63000070,雙園國中周邊人行道,興義街2號,121.492722,25.02762795
822,63000070,龍山國中周邊人行道,南寧路46號,121.5045978,25.03606389
823,63000070,新和國小周邊人行道,西藏路125巷31號,121.5033349,25.02600585
824,63000070,東園國小周邊人行道,東園街195號,121.4978629,25.02314156
825,63000070,大理國小周邊人行道,艋舺大道389號,121.4938261,25.03118092
826,63000070,西園國小周邊人行道,東園街73巷65號,121.4988649,25.02662111
827,63000070,萬大國小周邊人行道,萬大路346號,121.4993453,25.0229792
828,63000070,西門國小周邊人行道,成都路98號,121.5035399,25.04323969
829,63000070,老松國小周邊人行道,桂林路64號,121.5027622,25.03806325
830,63000070,福星國小周邊人行道,中華路1段66號,121.5089065,25.04634477
831,63000070,龍山國小周邊人行道,和平西路3段235號,121.4962053,25.03559139
832,63000070,光仁國小周邊人行道,萬大路423巷15號,121.4997388,25.0213367
833,63000070,立人高中（附設國民中學）周邊人行道,桂林路171號,121.496462,25.03874814
834,63000070,捷運西門站,寶慶路32之1號B1,121.5085339,25.0417465
835,63000070,7-11中寧,中華路2段602-1號1樓,121.5099652,25.04259276
836,63000070,7-11成昆,成都路68號1樓,121.5051692,25.0428605
837,63000070,7-11成都,成都路96號1樓,121.5043007,25.0430593
838,63000070,7-11欣昌門市 ,西昌街177之1號1樓,121.5006924,25.0388289
839,63000070,7-11宏旭,西園路1段238號,121.4988396,25.0348199
840,63000070,7-11凱富,西園路1段278號1樓,121.4993059,25.03388009
841,63000070,7-11園寶,西園路2段281巷31、33號1樓,121.4928021,25.02346705
842,63000070,7-11開寧,西寧南路16號,121.5069016,25.0465117
843,63000070,7-11新寧南,西寧南路78號,121.5058361,25.0424742
844,63000070,7-11漢寧,西寧南路85號,121.5068453,25.0455439
845,63000070,7-11西寧南,西寧南路141號1樓,121.5064101,25.0440449
846,63000070,7-11昆福,昆明街30-1號,121.5059368,25.0471767
847,63000070,7-11昆明,昆明街76-1號,121.5054978,25.0456478
848,63000070,7-11世運,昆明街81號,121.5048565,25.04278575
849,63000070,7-11漢陽,昆明街197號1樓,121.5041455,25.0391395
850,63000070,7-11廣明,昆明街285-3號,121.5036475,25.03670241
851,63000070,7-11萬忠,東園街28巷56號1樓,121.4944516,25.02620501
852,63000070,7-11萬長,東園街78號,121.4968329,25.02498703
853,63000070,7-11鑫武昌,武昌街2段57號1樓,121.5071894,25.04490285
854,63000070,7-11鑫日新,武昌街2段122之1號,121.5039809,25.04531356
855,63000070,7-11新起,長沙街2段87號1樓,121.504852,25.04057455
856,63000070,7-11青園,青年路18號,121.5056525,25.02596178
857,63000070,7-11新峨嵋,峨眉街111之2,121.503923,25.04429749
858,63000070,7-11桂明,桂林路55號,121.5030822,25.03827875
859,63000070,7-11桂林,桂林路156號,121.4978728,25.03840534
860,63000070,7-11龍山,康定路203號1樓,121.5014733,25.03603253
861,63000070,7-11萬和,萬大路184號,121.5003533,25.02790322
862,63000070,7-11萬大,萬大路245號1樓,121.500594,25.02616481
863,63000070,7-11新艋舺,萬大路292號,121.5002922,25.02527309
864,63000070,7-11富帆,萬大路464號1樓,121.4975985,25.02014073
865,63000070,7-11大華,萬大路495號,121.4978459,25.02001473
866,63000070,7-11克難,萬青街168號,121.5014687,25.02351903
867,63000070,7-11六福,漢口街2段73號1樓,121.5052494,25.04613614
868,63000070,7-11捷盟,漢中街51號,121.5074813,25.04411395
869,63000070,7-11漢中,漢中街185號,121.5068227,25.04116725
870,63000070,7-11龍廣,廣州街148號,121.5005901,25.03657114
871,63000070,7-11廣運,廣州街170號,121.4988773,25.03663657
872,63000070,7-11興義,興義街6號8號1樓,121.4916635,25.02667173
873,63000070,7-11華江,環河南路2段200號,121.4930306,25.03411437
874,63000070,7-11雙環,環河南路2段205號,121.4915896,25.03209142
875,63000070,7-11華雙,環河南路2段252號1樓,121.4917,25.03316348
876,63000070,7-11鑫寶,寶興街43號,121.4934689,25.02735998
877,63000070,7-11寶昌,寶興街184號,121.4952711,25.0237784
878,63000070,全家民和店,民和街9號1樓,121.4998539,25.02627921
879,63000070,全家鑫都店,成都路71號1樓,121.5056021,25.04293535
880,63000070,全家萬園店,西園路1段159號1樓,121.4994222,25.03501362
881,63000070,全家萬年店,西寧南路155號1樓,121.506264,25.04354053
882,63000070,全家和西店,和平西路3段290之5號,121.494591,25.035094
883,63000070,全家成都店,昆明街134號,121.504705,25.0428409
884,63000070,全家廣明店,昆明街173號1樓,121.5043204,25.03987675
885,63000070,全家昆明店,昆明街186號1樓,121.5044132,25.0413231
886,63000070,全家萬東店,東園街174號1樓,121.4980376,25.02237372
887,63000070,全家鑫吉利店,東園街28巷34號,121.4950596,25.02688011
888,63000070,全家東園店,東園街69號,121.4964958,25.0260708
889,63000070,全家新青年店,青年路6號,121.5062082,25.02614106
890,63000070,全家萬國店,峨眉街21號1樓,121.5074008,25.04349654
891,63000070,全家新峨嵋店,峨眉街82號1樓,121.5040638,25.04412202
892,63000070,全家桂林店,桂林路23號1樓,121.5050722,25.03790299
893,63000070,全家康華店,康定路229號,121.5013693,25.03542883
894,63000070,全家康勝店,康定路60號1樓,121.5023121,25.04260144
895,63000070,全家康定店,康定路73號,121.5022119,25.04073252
896,63000070,全家康陽店,康定路99號,121.5020395,25.03963122
897,63000070,全家貴陽店,貴陽街2段182號,121.5005795,25.04010182
898,63000070,全家萬大店,萬大路64號1樓,121.5004159,25.03097904
899,63000070,全家萬中店,漢口街2段22號,121.5080741,25.04528151
900,63000070,全家萬明店,漢口街2段67之2號1樓,121.5055063,25.04607529
901,63000070,全家漢中店,漢中街139號1樓,121.5073159,25.04172199
902,63000070,全家龍廣店,廣州街203號,121.500404,25.03673289
903,63000070,全家新廣州店,廣州街235-1號,121.4986042,25.03678248
904,63000070,全家新興義店,興義街41號1樓,121.4917221,25.02654419
905,63000070,全家綠堤店,環河南路2段173號,121.4923296,25.03291526
906,63000070,全家環南店,環河南路2段298號,121.4906849,25.03147307
907,63000070,全家寶元店,寶興街40號,121.4933407,25.02724041
908,63000070,全家寶興店,寶興街78號,121.4942209,25.02608328
909,63000070,萊爾富萬華內江店,內江街126號,121.5031141,25.04154176
910,63000070,萊爾富北市民和店,民和街10號,121.4999493,25.02641643
911,63000070,萊爾富北市萬鑫店,西園路2段134號,121.4962967,25.03044108
912,63000070,萊爾富北市獅子林店,西寧南路36之69號,121.5062932,25.04523737
913,63000070,萊爾富北市萬寧店,長沙街2段50號,121.5059362,25.04058282
914,63000070,萊爾富北市梧州店,梧州街29號,121.4977292,25.03765299
915,63000070,萊爾富北市鑫梧店,梧州街55號,121.497679,25.03600971
916,63000070,萊爾富北市艋舺店,雙園街69號,121.4939491,25.03021991
917,63000070,OK開封店,開封街2段80號1樓,121.5048141,25.04702258
918,63000070,美廉社萬華中華店,中華路2段426之7號,121.5057143,25.02767369
919,63000070,美廉社萬華興義店,興義街33號,121.491964,25.02675014
920,63000070,星巴克西門成都,成都路87號,121.5195758,25.05267507
921,63000070,星巴克艋舺,西園路1段306巷24號,121.4983981,25.0335334
922,63000070,星巴克西門昆明,武昌街2段77號,121.5057086,25.04507684
923,63000070,星巴克西門桂林,桂林路1號,121.5063036,25.03767544
924,63000070,星巴克漢中,漢中街51號,121.5074813,25.04411396
925,63000070,85度C台北西門店,漢中街151號,121.5072205,25.04162398
926,63000070,85度C萬華廣州店,廣州街150號,121.5005419,25.03657347
927,63000070,85度C台北寶興店,寶興街92號,121.4943138,25.02587524
928,63000070,路易莎昆明門市,昆明街86號,121.505411,25.04537232
929,63000070,路易莎萬華東園門市,東園街106號,121.4971107,25.02433098
930,63000070,路易莎萬華龍山門市,和平西路3段143號,121.4989122,25.03542289
931,63000070,路易莎萬華寶興門市,寶興街71號,121.494245,25.0264505
932,63000070,丹堤龍山寺門市,西園路1段214-1號,121.4992019,25.03570901
933,63000070,cama caf'e 台北萬大店,萬大路250號,121.5003148,25.02621421
934,63000080,臺北市立動物園,新光路2段30號,121.5812287,24.99873877
935,63000080,文山運動中心戶外區域,興隆路3段222號,121.5596931,24.99703601
936,63000080,溪口國小周邊人行道,景福街225號,121.5387449,24.99411401
937,63000080,興隆國小周邊人行道,興隆路3段125巷6號,121.5586753,24.99884566
938,63000080,萬興國小周邊人行道,秀明路2段114號,121.576625,24.99043336
939,63000080,木柵高工周邊人行道,木柵路4段77號,121.5718761,24.99588799
940,63000080,興華國小周邊人行道,興隆路3段125巷6號,121.5586753,24.99884566
941,63000080,臺北市5個捷運車站出口周邊戶外區域-捷運萬芳醫院站出口旁,興隆路3段113號,121.5578584,24.99935933
942,63000080,臺北市立動物園門口前廣場,新光路2段30號,121.5812287,24.99873877
943,63000080,世新大學及該校管理學院周邊人行道,木柵路1段17巷1號、木柵路1段111號,121.5440988,24.98862421
944,63000080,景美高中周邊人行道,木新路3段312號,121.5562284,24.98074172
945,63000080,木柵國中周邊人行道,木柵路3段102巷12號,121.5676858,24.98747426
946,63000080,景興國中周邊人行道,景興路46巷2號,121.5443459,24.9961901
947,63000080,景美國中周邊人行道,景中街27號,121.5429431,24.99301327
948,63000080,興福國中周邊人行道,福興路80號,121.5497435,25.0048993
949,63000080,實踐國中周邊人行道,辛亥路7段67號,121.554738,24.9834361
950,63000080,景美國小周邊人行道,景文街108號,121.5407902,24.98949074
951,63000080,武功國小周邊人行道,興隆路1段68號,121.5404899,25.00388954
952,63000080,興德國小周邊人行道,興隆路2段235號,121.5508681,25.00167353
953,63000080,志清國小周邊人行道,景福街21巷5號,121.5388442,24.99869095
954,63000080,景興國小周邊人行道,景華街150巷21號,121.5482057,24.99608612
955,63000080,永建國小周邊人行道,木柵路1段311巷1號,121.5558802,24.9891859
956,63000080,臺北市同心華德福實驗教育機構所屬之室外場所及周邊人行道,試院路2號,121.5500572,24.98760156
957,63000080,實踐國小周邊人行道,忠順街1段4號,121.5575636,24.98366587
958,63000080,博嘉國小周邊人行道,木柵路4段159巷14之1號,121.5758104,25.00208153
959,63000080,指南國小周邊人行道,指南路3段38巷5-2號,121.5836624,24.97640571
960,63000080,萬福國小周邊人行道,秀明路2段114號,121.576625,24.99043336
961,63000080,辛亥國小周邊人行道,辛亥路4段103號,121.5585494,25.00628608
962,63000080,明道國小周邊人行道,木柵路2段138巷61號,121.5626102,24.98732565
963,63000080,萬芳國小周邊人行道,萬和街1號,121.5675724,25.0013153
964,63000080,力行國小周邊人行道,木新路3段155巷7號,121.5610001,24.98092171
965,63000080,木柵國小周邊人行道,木柵路3段191號,121.5702326,24.99029281
966,63000080,文山特殊教育學校周邊人行道,秀明路1段169號,121.5676465,24.99143981
967,63000080,中山國小周邊人行道,木柵路1段292號,121.5563276,24.9883239
968,63000080,靜心中小學周邊人行道,興隆路2段46號,121.5466725,24.99895995
969,63000080,再興高中（附設國民中小學）周邊人行道,興隆路4段2號,121.5591122,24.9904474
970,63000080,大誠高中周邊人行道,秀明路2段175號,121.5782178,24.99097985
971,63000080,滬江高中周邊人行道,羅斯福路6段336號,121.5391659,24.98978127
972,63000080,景文高中（附設國民中學）周邊人行道,保儀路127號,121.5673938,24.98536911
973,63000080,政治大學周邊人行道,指南路2段64號,121.5765042,24.98741326
974,63000080,臺北市63000080翰林苑社區所屬之戶外公共設施區域,試院路146號,121.5472189,24.99009479
975,63000080,福德坑環保復育園區,木柵路五段43巷151號,121.5838065,25.00775461
976,63000080,國立政治大學附屬高級中學周邊人行道,政大一街353號,121.5859711,24.98721274
977,63000080,臺北市63000080一壽街聯合辦公大樓所屬之室外場所及周邊人行道,一壽街22號,121.55634,24.97962
978,63000080,國立臺灣師範大學公館校區周邊人行道,汀洲路4段88號,121.5373,25.0079
979,63000080,永建市場大樓所屬之室外場所及周邊人行道,木柵路1段177號,121.5509918,24.98776692
980,63000080,戲曲學院木柵校區周邊人行道,木柵路3段66巷8之1號,121.5666,24.9868
981,63000080,景新合署大樓所屬室外場所及周邊人行道,景後街151號,121.5418,24.99
982,63000080,7-11華興,木柵路1段284號,121.5549925,24.98804637
983,63000080,7-11新安康,木柵路2段88號,121.5599238,24.9886164
984,63000080,7-11木盛,木柵路3段88號,121.5669779,24.98853581
985,63000080,7-11木新,木新路2段255號,121.5666567,24.98314167
986,63000080,7-11文儀,木新路3段54號,121.5640799,24.98257984
987,63000080,7-11新景美,木新路3段179號,121.5604373,24.98153269
988,63000080,7-11文新,木新路3段276號,121.5581213,24.98121351
989,63000080,7-11文一,木新路3段327號,121.5563168,24.9804856
990,63000080,7-11文山,永安街22巷23號,121.5688994,24.98670329
991,63000080,7-11指南,指南路1段34號,121.5696625,24.98757374
992,63000080,7-11金恩,指南路2段149號,121.5773006,24.98744527
993,63000080,7-11景中,景文街96號,121.5409736,24.99031206
994,63000080,7-11景興,景興路113號,121.5448175,24.99484912
995,63000080,7-11萬美,萬和街6號2樓之1,121.5673632,25.00193328
996,63000080,7-11莘苑,新光路1段97、99號,121.5737755,24.99095681
997,63000080,7-11興隆,興隆路2段205號1樓,121.5499109,25.00098659
998,63000080,7-11興岩,興隆路2段244巷20號1樓,121.5531884,25.00011708
999,63000080,7-11興北,興隆路3段108號,121.5573172,24.99928369
1000,63000080,7-11新萬盛,羅斯福路5段21號1樓,121.5385487,25.0079064
1001,63000080,7-11羅斯福,羅斯福路5段216號1樓,121.5386201,25.00233797
1002,63000080,7-11滬江,羅斯福路6段270號,121.5400462,24.99152655
1003,63000080,7-11羅捷,羅斯福路6段391號,121.5408351,24.99238724
1004,63000080,全家木興店,木柵路2段52號,121.5589062,24.98858314
1005,63000080,全家木新店,木新路3段333號,121.5562082,24.98045592
1006,63000080,全家恆光店,木新路2段251號,121.5668985,24.98322521
1007,63000080,全家名門店,和平東路4段95號1樓,121.5678287,25.00519828
1008,63000080,全家大順店,忠順街1段131號,121.5605046,24.98438712
1009,63000080,全家政富店,指南路2段145號1樓,121.5771564,24.98747619
1010,63000080,全家景後店,景後街95號,121.5430365,24.99191462
1011,63000080,全家新文華店,景華街3巷2號1樓,121.5416006,24.99514329
1012,63000080,全家世景店,景興路282巷2號1樓,121.5422691,24.98967036
1013,63000080,全家新福興店,福興路65號,121.5498727,25.00362219
1014,63000080,全家景興店,興隆路1段249號1樓,121.5442013,24.99957772
1015,63000080,全家興業店,興隆路2段279號,121.5526995,25.00163658
1016,63000080,全家靜興店,興隆路2段75號1樓,121.5465383,24.99925293
1017,63000080,全家景和店,羅斯福路6段274號,121.5399995,24.99141027
1018,63000080,萊爾富文山心動店,木柵路1段168號,121.5521694,24.98767207
1019,63000080,萊爾富文山大王店,木新路2段141號1樓,121.5689206,24.98387531
1020,63000080,萊爾富文山景興,景興路10巷2號,121.5440755,24.99815594
1021,63000080,萊爾富北市文武店,羅斯福路5段203號,121.5390289,25.0023404
1022,63000080,OK文山木新店,木新路2段242號1樓,121.5666224,24.98334966
1023,63000080,OK台北萬美店,辛亥路4段99號,121.5586962,25.00677536
1024,63000080,OK文山萬安店,萬美街1段47號1樓,121.5687755,25.00227283
1025,63000080,OK興隆店,興隆路1段138號,121.5418279,25.00202821
1026,63000080,OK文山忠順店,興隆路4段72-2號,121.5616831,24.98413251
1027,63000080,美廉社文山木新店,木新路3段323號1樓,121.5565227,24.98053465
1028,63000080,美廉社文山永安店,永安街22巷31號,121.5686822,24.98671625
1029,63000080,美廉社文山萬美店,萬美街1段65號,121.5675035,25.00217157
1030,63000080,星巴克木柵,木柵路3段75號,121.5669087,24.98872085
1031,63000080,星巴克木新,木新路3段162號,121.561067,24.98188668
1032,63000080,85度C台北景美店,景文街42號1樓,121.5412296,24.99171557
1033,63000080,85度C文山興隆店,興隆路4段68-6號,121.56153,24.98456911
1034,63000080,路易莎木柵直營門市,木柵路3段63號1樓,121.5666679,24.98868814
1035,63000080,路易莎木新門市,木新路3段177號,121.5604666,24.98153935
1036,63000080,丹堤興隆景華門市,興隆路2段64號,121.5478405,24.99961441
1037,63000090,育成高中周邊人行道,重陽路366號,121.6091684,25.05868403
1038,63000090,南港高工周邊人行道,興中路29號,121.6071919,25.0563347
1039,63000090,南港運動中心戶外區域,玉成街69號,121.5822134,25.04660687
1040,63000090,南港國小周邊人行道,惠民街67號,121.6104262,25.05748303
1041,63000090,誠正國中周邊人行道,富康街1巷24號,121.6187449,25.0541121
1042,63000090,南港高中周邊人行道,向陽路21號,121.5950481,25.05248276
1043,63000090,成德國中周邊人行道,東新街108巷23號,121.5878016,25.04506175
1044,63000090,舊莊國小周邊人行道,舊莊街1段100號,121.6195754,25.04026906
1045,63000090,玉成國小周邊人行道,向陽路31號,121.5947571,25.05361454
1046,63000090,成德國小周邊人行道,東新街65號,121.5868742,25.0468925
1047,63000090,修德國小周邊人行道,東新街118巷86號,121.5896389,25.04554524
1048,63000090,東新國小周邊人行道,興南街62號,121.6020428,25.05619238
1049,63000090,胡適國小周邊人行道,舊莊街1段1號,121.6172103,25.04239876
1050,63000090,山水綠生態公園,南深路37號,121.6335196,25.02774504
1051,63000090,南港瓶蓋工廠台北製造所,南港路2段13號,121.6058,25.05414
1052,63000090,7-11經貿,三重路19號1樓,121.6138659,25.05602949
1053,63000090,7-11中坡,中坡南路47號1樓,121.5837599,25.04293056
1054,63000090,7-11玉德,玉成街150號1樓,121.5836425,25.04503834
1055,63000090,7-11新福玉,成福路145號,121.5878614,25.04153972
1056,63000090,7-11雄強,忠孝東路6段276號,121.5890351,25.04909478
1057,63000090,7-11昆陽,忠孝東路6段448號,121.5939853,25.05026219
1058,63000090,7-11聯成,昆陽街150-1號,121.5941896,25.04918672
1059,63000090,7-11林坊,東新街80巷1號,121.5870793,25.04627464
1060,63000090,7-11港寰,重陽路336號1樓,121.6065301,25.05796567
1061,63000090,7-11香城,南港路1段167號1樓,121.613318,25.05515416
1062,63000090,7-11研究,研究院路2段14號,121.6154877,25.04755261
1063,63000090,7-11庄研,研究院路2段152號,121.6168705,25.0383661
1064,63000090,7-11港興,興華路119號,121.6056816,25.05690482
1065,63000090,全家新昆陽店,昆陽街145號,121.5942025,25.05011813
1066,63000090,全家港成店,南港路3段2號,121.5930541,25.05453788
1067,63000090,全家向陽店,重陽路16號1樓,121.5958971,25.05513706
1068,63000090,全家興華店,興華路86號,121.6056976,25.0559281
1069,63000090,全家新莊研店,舊莊街1段169號,121.6212421,25.03941706
1070,63000090,萊爾富北市南港三店,忠孝東路6段252號,121.5882978,25.04892529
1071,63000090,萊爾富北市昆陽店,昆陽街99號,121.5937196,25.05141317
1072,63000090,萊爾富北市港玉店,南港路3段8號1樓,121.5929098,25.05447805
1073,63000090,萊爾富南港慈祐宮店,南港路3段358號1樓,121.5803483,25.05160161
1074,63000090,OK成福店,成福路44號,121.5864026,25.04495822
1075,63000090,美廉社南港福德,福德街346號,121.5885588,25.0396201
1076,63000090,85度C台北同德店,同德路26號,121.5840187,25.04507563
1077,63000090,路易莎研究院路門市,忠孝東路7段620號1樓、B1,121.6159729,25.05300143
1078,63000090, cama caf'e 南港玉德店,玉成街156號,121.5838572,25.04497536
1079,63000100,大湖國小周邊人行道,大湖山莊街170號,121.6003607,25.08816509
1080,63000100,內湖運動中心戶外區域,洲子街12號,121.5750424,25.07822111
1081,63000100,康寧大學周邊人行道,康寧路3段75巷137號,121.6100601,25.07518537
1082,63000100,財團法人公共電視文化事業基金會所屬A、B、C大樓周邊人行道,康寧路3段75巷50號,121.6097156,25.07462458
1083,63000100,三民國中周邊人行道,民權東路6段45號,121.5862678,25.06916714
1084,63000100,麗山高中周邊人行道,環山路2段100號,121.5779278,25.08411206
1085,63000100,內湖高中周邊人行道,文德路218號,121.5865219,25.07840268
1086,63000100,內湖國中周邊人行道,陽光街1號,121.5887227,25.07699422
1087,63000100,方濟中學周邊人行道,成功路3段61號,121.5901829,25.07732049
1088,63000100,南湖高中周邊人行道,康寧路3段220號,121.6111296,25.06690232
1089,63000100,內湖高工周邊人行道,內湖路1段520號,121.5754478,25.07973694
1090,63000100,麗山國中周邊人行道,內湖路1段629巷42號,121.5751824,25.08174219
1091,63000100,西湖國中周邊人行道,環山路1段27號,121.5656739,25.08583649
1092,63000100,東湖國中周邊人行道,康樂街131號,121.619504,25.07226816
1093,63000100,明湖國中周邊人行道,康寧路3段60號,121.6106941,25.07064378
1094,63000100,內湖國小周邊人行道,內湖路2段41號,121.5802113,25.07909943
1095,63000100,碧湖國小周邊人行道,金龍路100號,121.5911075,25.08530169
1096,63000100,潭美國小周邊人行道,新明路22號,121.5907868,25.06095185
1097,63000100,東湖國小周邊人行道,東湖路115號,121.6157821,25.06854021
1098,63000100,西湖國小周邊人行道,環山路1段25號,121.5656793,25.08379954
1099,63000100,康寧國小周邊人行道,星雲街121號,121.5949448,25.08003387
1100,63000100,明湖國小周邊人行道,康寧路3段105號,121.610571,25.07109847
1101,63000100,麗山國小周邊人行道,港華街100號,121.5724693,25.08350949
1102,63000100,新湖國小周邊人行道,民權東路6段138號,121.588719,25.06882748
1103,63000100,南湖國小周邊人行道,康寧路3段200號,121.6118436,25.06808684
1104,63000100,文湖國小周邊人行道,文湖街15號,121.5601313,25.08583192
1105,63000100,麗湖國小周邊人行道,金湖路363巷8號,121.6012783,25.07307453
1106,63000100,達人女中（附設國民中學）周邊人行道,內湖路2段314號,121.58763,25.08125759
1107,63000100,文德女中周邊人行道,成功路3段70號,121.5897538,25.07757604
1108,63000100,碧山露營場,碧山路26-6號,121.5816564,25.10364847
1109,63000100,內溝溪生態展示館,康樂街236之3號,121.6233648,25.08706202
1110,63000100,內湖復育園區,潭美街587號,121.6031781,25.06133538
1111,63000100,德明財經科技大學,環山路1段56號,121.56573,25.0865
1112,63000100,7-11克里斯,五分街33號,121.6134421,25.06760419
1113,63000100,7-11西湖,內湖路1段321號,121.5679065,25.0823197
1114,63000100,7-11麗安,內湖路1段445號,121.5723323,25.08123666
1115,63000100,7-11墘都,內湖路1段669號,121.5759364,25.07998177
1116,63000100,7-11達人,內湖路2段249號,121.5896994,25.08196958
1117,63000100,7-11德成,內湖路2段366號,121.5909355,25.08234671
1118,63000100,7-11金龍,內湖路2段407號,121.5933854,25.08454303
1119,63000100,7-11民東,民權東路6段82號,121.5856254,25.0687543
1120,63000100,7-11欣福,民權東路6段120巷7弄8號,121.5875918,25.0677099
1121,63000100,7-11民醫,民權東路6段123巷22、22-1號,121.5928016,25.06986148
1122,63000100,7-11紫新,成功路3段201號,121.5910258,25.08061389
1123,63000100,7-11成竹,成功路4段173號,121.5946457,25.08363498
1124,63000100,7-11成功,成功路2段252號,121.5903534,25.06615899
1125,63000100,7-11瑞湖,江南街128號,121.57554,25.07623431
1126,63000100,7-11行美,行善路191、193號,121.5816992,25.05968468
1127,63000100,7-11明湖,東湖路45號,121.6141154,25.06890303
1128,63000100,7-11樂湖,東湖路120號1樓,121.616164,25.06813892
1129,63000100,7-11金德,金龍路5號,121.5951401,25.08441562
1130,63000100,7-11金聯發,金龍路137號1樓,121.5901245,25.08596824
1131,63000100,7-11富港,港墘路46號1樓,121.5780868,25.08204012
1132,63000100,全家麗水店,內湖路1段733號1樓,121.5780918,25.07909778
1133,63000100,全家內華店,民權東路6段162號,121.5918535,25.06862317
1134,63000100,全家新內湖店,成功路2段420號,121.5897158,25.07122964
1135,63000100,全家德湖店,成功路4段62號1樓,121.5925012,25.08271606
1136,63000100,全家行善店,行善路289號,121.5841099,25.06153388
1137,63000100,全家金瑞店,金龍路224號,121.5867159,25.08826048
1138,63000100,全家紫新店,康寧路1段37號1樓,121.5916607,25.08050076
1139,63000100,全家東茂店,康寧路3段189巷12號,121.6124779,25.07016717
1140,63000100,全家精英店,堤頂大道2段241號1樓,121.566795,25.07822572
1141,63000100,全家興盛店,新明路182號,121.585331,25.05739529
1142,63000100,全家瑞興店,瑞光路303號,121.5759021,25.07591679
1143,63000100,全家瑞盛店,瑞光路66巷40號,121.5808515,25.06962558
1144,63000100,全家新德明店,環山路1段110號,121.5680177,25.0865299
1145,63000100,全家新環山店,環山路1段7號1樓,121.5656686,25.0829192
1146,63000100,全家湖山店,麗山街348巷10弄2號,121.5735542,25.0821693
1147,63000100,萊爾富內湖紫陽店,文德路210巷30弄6號1樓,121.5843026,25.07725528
1148,63000100,萊爾富北市國醫店,民權東路6段123巷30號,121.5928219,25.07018542
1149,63000100,萊爾富北市權湖店,民權東路6段58號,121.5846628,25.06868856
1150,63000100,OK港墘店,港墘路84號,121.5776145,25.08067963
1151,63000100,美廉社內湖內湖二店,內湖路2段328號,121.588788,25.08155104
1152,63000100,美廉社內湖金龍店,內湖路3段104號1樓,121.5907434,25.08662636
1153,63000100,美廉社內湖文德店,文德路66巷63號,121.5819607,25.07676398
1154,63000100,美廉社內湖新明店,新明路419號,121.5811769,25.05492107
1155,63000100,美廉社內湖麗山二店,麗山街68巷12號,121.5792967,25.08198541
1156,63000100,星巴克環山,內湖路1段289號,121.5671333,25.0823173
1157,63000100,星巴克內湖葫洲,民權東路6段312號1樓,121.6060426,25.07285317
1158,63000100,路易莎內湖三民門市,民權東路6段72號,121.5851786,25.06872956
1159,63000100,路易莎東湖門市,東湖路33巷8號1樓,121.6132648,25.06930697
1160,63000100,路易莎港墘門市,港墘路123號1樓,121.5762484,25.07820162
1161,63000100,cama caf'e 台北內湖店,內湖路1段417號,121.5711861,25.08159124
1162,63000100,cama caf'e 內湖成功店,成功路3段174巷18號,121.5904918,25.08113313
1163,63000110,士林官邸正館,福林路60號,121.530248,25.09458724
1164,63000110,臺北市63000110行政中心,中正路439號,121.5196976,25.0928454
1165,63000110,社子國小周邊人行道,延平北路6段308號,121.5029424,25.08980292
1166,63000110,士林運動中心戶外區域,士商路1號,121.5214276,25.08933419
1167,63000110,雨聲國小周邊人行道,至誠路1段62巷70號,121.5352356,25.10268118
1168,63000110,士林國中周邊人行道,中正路345號,121.5225717,25.09435055
1169,63000110,臺北市立兒童新樂園之大門前廣場及第二出入口周邊戶外區域,承德路5段55號,121.5141693,25.09683513
1170,63000110,陽明高中周邊人行道,中正路510號,121.5172056,25.09185102
1171,63000110,天母國小周邊人行道,天玉街12號,121.5274566,25.1197362
1172,63000110,蘭雅國中周邊人行道,忠誠路2段51號,121.5310581,25.11058216
1173,63000110,臺北市5個捷運車站出口周邊戶外區域-捷運士林站1號及2號出口旁,福德路1號,121.5262844,25.09235923
1174,63000110,台北美國學校周邊人行道,中山北路6段800號,121.5295371,25.11732619
1175,63000110,百齡高中周邊人行道,承德路4段177號,121.5230993,25.08695825
1176,63000110,士林高商,士商路150號,121.5163469,25.09499234
1177,63000110,至善國中周邊人行道,至善路2段360號,121.5554766,25.1035666
1178,63000110,格致國中周邊人行道,仰德大道4段75號,121.5468079,25.13110972
1179,63000110,福安國中周邊人行道,延平北路7段250號,121.4873963,25.10335249
1180,63000110,天母國中周邊人行道,天母東路120號,121.5381617,25.117974
1181,63000110,士林國小周邊人行道,大東路165號,121.5250735,25.09283359
1182,63000110,士東國小周邊人行道,中山北路6段392號,121.5268152,25.1129775
1183,63000110,福林國小周邊人行道,福志路75號,121.5296895,25.09869112
1184,63000110,陽明國小周邊人行道,仰德大道3段61號,121.5527902,25.11934463
1185,63000110,富安國小周邊人行道,延平北路8段135號,121.4824399,25.10586264
1186,63000110,劍潭國小周邊人行道,通河街16號,121.5229501,25.07995701
1187,63000110,溪山國小周邊人行道,至善路3段199號,121.5796179,25.11979149
1188,63000110,百齡國小周邊人行道,福港街205號,121.5178249,25.08620601
1189,63000110,葫蘆國小周邊人行道,環河北路3段95號,121.5070272,25.0837584
1190,63000110,雨農國小周邊人行道,忠義街1號,121.5299308,25.10529059
1191,63000110,文昌國小周邊人行道,文林路615巷20號,121.5209052,25.09961618
1192,63000110,芝山國小周邊人行道,德行東路285號,121.5364298,25.11038594
1193,63000110,蘭雅國小周邊人行道,磺溪街57號,121.5231469,25.10840718
1194,63000110,三玉國小周邊人行道,天母東路116號,121.5373227,25.11799527
1195,63000110,啟智學校周邊人行道,忠誠路2段207巷3號,121.5363631,25.1165508
1196,63000110,啟明學校周邊人行道,忠誠路2段207巷1號,121.5352232,25.11654502
1197,63000110,華興高中（附設國民中小學）周邊人行道,仰德大道1段101號,121.5382082,25.10460409
1198,63000110,泰北高中周邊人行道,福林路240號,121.5340363,25.09746783
1199,63000110,衛理女中（附設國民中學）周邊人行道,至善路2段321號,121.5522647,25.10172459
1200,63000110,台北市日僑學校周邊人行道,中山北路6段785號,121.5292536,25.11732317
1201,63000110,內雙溪自然中心,至善路3段150巷27號,121.5771505,25.1159841
1202,63000110,臺北市立大學天母校區周邊人行道,忠誠路2段101號,121.54425,25.11444
1203,63000110,台北歐洲學校,福國路99號,121.5203457,25.10156996
1204,63000110,芝山岩區民活動中心,雨聲街68號,121.5287,25.1036
1205,63000110,7-11文林,大北路14號1樓,121.5265911,25.08977753
1206,63000110,7-11大饌,大東路35號,121.5252344,25.08947518
1207,63000110,7-11新士林,大東路123號1樓,121.5254559,25.09161403
1208,63000110,7-11豫鋒,大南路322號,121.5183143,25.08905135
1209,63000110,7-11福通,大南路400號1樓,121.5158132,25.08954718
1210,63000110,7-11福榮,中正路220號,121.5260789,25.09551957
1211,63000110,7-11士正,中正路301號1樓,121.5237587,25.09467142
1212,63000110,7-11福鑫,中正路324號,121.5225381,25.09471399
1213,63000110,7-11社鑽,中正路639號1樓,121.5081754,25.08614643
1214,63000110,7-11齊德,天母西路85號,121.5249016,25.11857242
1215,63000110,7-11新文,文昌路64號,121.5213726,25.09612354
1216,63000110,7-11珍饌,文林路126號1樓,121.5264864,25.08841327
1217,63000110,7-11日安,文林路444號1樓,121.5246597,25.09526135
1218,63000110,7-11丹樺,文林路528號,121.5241126,25.097226
1219,63000110,7-11海光,延平北路5段35號,121.5108593,25.07982004
1220,63000110,7-11葫蘆,延平北路5段134號1樓,121.5104881,25.08204969
1221,63000110,7-11葫東,延平北路5段228號1樓,121.51004,25.08419262
1222,63000110,7-11福陽,延平北路5段269號1樓,121.5095768,25.08526702
1223,63000110,7-11集鑫,延平北路6段229號,121.5050767,25.08929636
1224,63000110,7-11新承德,承德路4段30號,121.5220341,25.08046484
1225,63000110,7-11承富,承德路4段39號,121.5289134,25.08109811
1226,63000110,7-11社中,社中街320號,121.5051796,25.09232015
1227,63000110,7-11福志,雨農路25號,121.532229,25.09857065
1228,63000110,7-11福順,重慶北路4段177號,121.5115941,25.08389514
1229,63000110,7-11草山,格致路28號,121.5464863,25.13686969
1230,63000110,7-11承河,基河路132號1樓,121.5225515,25.08876063
1231,63000110,7-11福國路,福國路17、17-1、19-1號1樓,121.5229435,25.10190305
1232,63000110,7-11芝山,福華路126號1樓,121.5229169,25.10271553
1233,63000110,7-11福溢,德行西路96號,121.5212336,25.10410808
1234,63000110,7-11蘭雅,德行東路6之2號1樓,121.5252893,25.10648411
1235,63000110,全家大東店,大東路63號,121.5254839,25.0900913
1236,63000110,全家大南店,大南路52號,121.5248827,25.0893859
1237,63000110,全家新天地店,大南路346號1樓,121.5176278,25.08909735
1238,63000110,全家士林店,中山北路5段697號,121.5271605,25.09765032
1239,63000110,全家天強店,中山北路6段238號1樓,121.5254466,25.10895094
1240,63000110,全家榮富店,中山北路6段726號,121.5279689,25.11507055
1241,63000110,全家福林店,中正路233號,121.5260509,25.09519105
1242,63000110,全家新陽明店,中正路329號,121.5232238,25.09454901
1243,63000110,全家天成店,天母東路36號之5,121.5325982,25.11791557
1244,63000110,全家天山店,天母東路69巷11之9號1樓,121.5334364,25.11977041
1245,63000110,全家鑫林店,文林路119號1樓、2樓,121.5263114,25.08849312
1246,63000110,全家至善店,至善路2段268號1樓,121.5509628,25.1003943
1247,63000110,全家新延店,延平北路5段217號,121.5098621,25.08393309
1248,63000110,全家葫蘆店,延平北路5段283之1號,121.5094848,25.0855965
1249,63000110,全家新天和店,忠誠路2段168號1樓,121.5331572,25.11567587
1250,63000110,全家社中店,社中街386號,121.5034338,25.09226988
1251,63000110,全家社正店,社正路26號,121.5096,25.08871645
1252,63000110,全家福港店,前港街126號,121.5177668,25.08518392
1253,63000110,全家新葫東店,重慶北路4段184號1樓,121.5119832,25.08455903
1254,63000110,全家德行店,德行東路109巷3號,121.5283011,25.10791347
1255,63000110,萊爾富北市延平二店,延平北路5段138號,121.5104621,25.0821662
1256,63000110,萊爾富北市開利店,社子街142號,121.5049782,25.08847529
1257,63000110,萊爾富北市社正店,社正路27號,121.5091537,25.08866751
1258,63000110,萊爾富北市士慶店,社正路75號,121.5107919,25.0890769
1259,63000110,萊爾富士林花好店,重慶北路4段78號,121.513011,25.08212524
1260,63000110,OK士林芝東店,士東路200巷21號1樓,121.5338181,25.11181798
1261,63000110,OK士林朝陽店,大東路78號1樓,121.5259503,25.09045345
1262,63000110,OK福林店,中山北路5段702號,121.5275712,25.09782267
1263,63000110,美廉社社子永平店,永平街33號,121.5049739,25.09059972
1264,63000110,星巴克科教館門市,士商路189號,121.5159773,25.09598929
1265,63000110,星巴克天母中山,中山北路6段719號1樓,121.5275943,25.11512288
1266,63000110,星巴克士捷,中正路239號,121.5258706,25.09515091
1267,63000110,路易莎士林捷運門市,中正路224號,121.5259942,25.09550038
1268,63000110,路易莎中正門市,中正路303號,121.5237191,25.09466287
1269,63000110,路易莎士林新光門市,文昌路42號1樓,121.5215738,25.09557004
1270,63000110,路易莎劍潭承德門市,承德路4段53號,121.5229679,25.08132807
1271,63000110,路易莎芝山直營門市,福國路38號1樓,121.5241075,25.10229816
1272,63000110,怡客士林店,中正路231號,121.5260968,25.09519924
1273,63000120,北投國小周邊人行道,中央北路1段73號,121.5002936,25.13418688
1274,63000120,清江國小周邊人行道,公館路220號,121.5075892,25.12690193
1275,63000120,北投運動中心戶外區域,石牌路1段39巷100號,121.5096528,25.11633597
1276,63000120,關渡國小周邊人行道,中央北路4段581號,121.466846,25.12686235
1277,63000120,北投國中周邊人行道,溫泉路62號,121.5042326,25.13447187
1278,63000120,國立臺北護理健康大學周邊人行道,明德路365號,121.5213467,25.11754901
1279,63000120,關渡國中周邊人行道,知行路212號,121.4673576,25.11989405
1280,63000120,臺北市5個捷運車站出口周邊戶外區域-捷運石牌站1號及2號出口旁,石牌路1段200號,121.5152155,25.1150046
1281,63000120,復興高中周邊人行道,復興四路70號,121.501805,25.14370455
1282,63000120,中正高中周邊人行道,文林北路77號,121.516566,25.10449675
1283,63000120,新民國中周邊人行道,新民路10號,121.5065515,25.13887852
1284,63000120,明德國中周邊人行道,明德路50號,121.5183169,25.10755962
1285,63000120,桃源國中周邊人行道,中央北路4段48號,121.4773464,25.13470407
1286,63000120,石牌國中周邊人行道,石牌路1段139號,121.5142089,25.11491629
1287,63000120,逸仙國小周邊人行道,新民路2號,121.5051959,25.13828651
1288,63000120,石牌國小周邊人行道,致遠二路80號,121.5117445,25.11568953
1289,63000120,文林國小周邊人行道,文林北路155號,121.5147366,25.10592913
1290,63000120,義方國小周邊人行道,珠海路155號,121.5092741,25.14203696
1291,63000120,立農國小周邊人行道,立農街1段250號,121.5053075,25.11946982
1292,63000120,明德國小周邊人行道,明德路190號,121.5217992,25.11214183
1293,63000120,文化國小周邊人行道,文化三路1號,121.4966778,25.13709
1294,63000120,薇閣高中（附設國民中小學）周邊人行道,育仁路106號,121.5008732,25.13617332
1295,63000120,十信高中周邊人行道,北投路2段55號,121.4967223,25.13362212
1296,63000120,奎山高中（附設國民中小學）周邊人行道,明德路200號,121.5220641,25.11297101
1297,63000120,貴子坑露營場暨水土保持教學園區,秀山路161號,121.4904518,25.14219918
1298,63000120,臺北市政府衛生環境檢驗大樓所屬之室外場所及周邊人行道,石牌路2段111號,121.61776,25.11833
1299,63000120,7-11關渡站,大度路3段270巷69號,121.4671809,25.12503582
1300,63000120,7-11雙全,大業路715號,121.5008633,25.13723457
1301,63000120,7-11政戰,中央北路2段15號,121.4961589,25.13640218
1302,63000120,7-11一德,中央北路4段513號,121.4685188,25.12837648
1303,63000120,7-11大中,中央南路1段114號,121.5010427,25.13051592
1304,63000120,7-11和業,中和街10號,121.5034447,25.13756174
1305,63000120,7-11金和,中和街314號,121.499947,25.14097249
1306,63000120,7-11秀山,中和街476號,121.4951712,25.14528389
1307,63000120,7-11新豪美,文林北路98號,121.5176294,25.1056451
1308,63000120,7-11百齡,石牌路1段37號,121.5103137,25.11315165
1309,63000120,7-11石捷,石牌路2段8號,121.515492,25.11532814
1310,63000120,7-11振華,石牌路2段80號,121.5161938,25.11532814
1311,63000120,7-11榮護,石牌路2段179號1樓,121.5181541,25.11856204
1312,63000120,7-11光中,光明路122號,121.5018383,25.13329596
1313,63000120,7-11德致,明德路87號,121.5187473,25.10894874
1314,63000120,7-11明德,明德路114號,121.5202247,25.10987969
1315,63000120,7-11福致,致遠一路2段49號,121.5136597,25.11192624
1316,63000120,7-11天富,富貴一路3號1樓,121.5237981,25.11371563
1317,63000120,7-11東華,裕民一路40巷1號,121.5179589,25.11644039
1318,63000120,7-11富邦,實踐街22號,121.508122,25.11492702
1319,63000120,全家三合店,三合街1段116號1樓,121.5042389,25.12693555
1320,63000120,全家文化店,中央北路2段97號1樓,121.4951678,25.13677266
1321,63000120,全家新復興崗店,中央北路3段4號1樓,121.4866454,25.13841209
1322,63000120,全家中永店,中和街252號1樓,121.5009532,25.13990416
1323,63000120,全家鑫復中店,中和街322號,121.499625,25.14108016
1324,63000120,全家永興店,永興路1段1號1樓,121.4994072,25.13883585
1325,63000120,全家榮光店,石牌路1段166巷93號,121.5151433,25.11241592
1326,63000120,全家華勝店,石牌路2段88之1號1樓,121.5164821,25.11710339
1327,63000120,全家北投店,光明路218之1號,121.5042196,25.13624018
1328,63000120,全家新自強店,自強街116號1樓,121.5155504,25.11047661
1329,63000120,全家唭哩店,西安街2段283號,121.5063906,25.1204823
1330,63000120,全家明德店,明德路93號,121.5188214,25.10906609
1331,63000120,全家振華店,振華街2號,121.5199844,25.11559994
1332,63000120,全家清江店,清江路1號,121.50144,25.13175748
1333,63000120,全家尊賢店,尊賢街260號1樓,121.5071505,25.11730487
1334,63000120,萊爾富北市奇岩店,中央南路2段5號,121.5005575,25.12602276
1335,63000120,萊爾富北市北投希望店,中和街399-5號,121.4982945,25.14296075
1336,63000120,萊爾富北市北投火山店,中和街504號1樓,121.4941834,25.14540905
1337,63000120,萊爾富北市北清店,清江路53號,121.5021332,25.13072032
1338,63000120,萊爾富北市立農店,義理街96號,121.5163805,25.11850669
1339,63000120,萊爾富北市北裕店,裕民六路120號,121.5162771,25.11454143
1340,63000120,OK北投吉利店,吉利街140號,121.5076894,25.11853151
1341,63000120,OK北投致遠店,致遠一路1段91號,121.5152387,25.10927662
1342,63000120,OK北投尊賢店,尊賢街221號,121.5077767,25.1156321
1343,63000120,美廉社北投中央南店,中央南路1段133號,121.5011847,25.13007058
1344,63000120,美廉社北投石牌二店,石牌路1段166巷101號1樓,121.5152979,25.1122007
1345,63000120,美廉社北投致遠店,致遠一路1段94號,121.5152932,25.10951444
1346,63000120,美廉社北投振華店,振華街8號,121.5196848,25.11565454
1347,63000120,美廉社北投尊賢店,尊賢街235號1樓,121.5076366,25.11601366
1348,63000120,星巴克石牌,石牌路2段74號,121.5162034,25.11651347
1349,63000120,星巴克光明,光明路218之4號,121.5043681,25.13623806
1350,63000120,85度C北投育仁店,中央北路1段98號,121.499693,25.13479717
1351,63000120,85度C北投中和店,中和街335號,121.4995171,25.14108245
1352,63000120,路易莎北投社直營門市,光明路65號1樓,121.5000981,25.13296541
1353,63000120,路易莎石牌門市,裕民三路3號,121.5162156,25.11616368
1354,63000120,cama caf'e台北石牌店,裕民四路3號1樓,121.5159882,25.11561313
